,RestaurantName
0,Paper Lantern
1,Platfoorm 9 3/4
2,Creamy Culture
3,GetaWhey
4,VASTAD BHURJIWALE
5,Billy's BrewStirs
6,Basilio
7,Keventers Ice Creamery
8,Super smash burgers
9,The Blue Plate
10,Sassy Teaspoon
11,BANJARA
12,Wilderness
13,Moshi Moshi
14,Copper Chocs
15,BANARASIYA
16,FLAVOURS OF CHINA & LEBANON
17,The Coffee Bean & Tea Leaf
18,Theobroma
19,Starbucks Coffee
20,BIRYANI HOUSE
21,BOTI KING
22,Benelli Caffe
23,Burger Craft
24,Quick meal
25,Janhavi Paratha House & Sandwiches
26,KFC
27,The Chinese Box
28,MainLand
29,BUKHAARA
30,Crazy Cheesy (Aundh)
31,Brewing Bistro
32,Chimichurri - All Day Asian Diner
33,KarolBaug- Dawat-e-Mehfil
34,Nothing But Chicken
35,Tea Fancilla
36,Noodle Plus
37,Sarjaa Restaurant & Bar
38,Domino's Pizza
39,LAHORI TADKA
40,The palace
41,Mithas
42,FAVYOS BIRYANI
43,Tea Trails
44,R.K.Kitchen
45,PESHAVARI TADKA
46,The Baker's Dozen
47,Pizza Paaji
48,Hyderabadi Spice
49,Mamma Mia Italian Restaurant
50,NEELAM PARATHAS
51,99 Pancakes
52,NIZAMS BIRYANI
53,Chitale Bandhu Mithaiwale
54,VENKATESH SNACKS CENTER
55,Y Momos
56,Anaas Baking Studio
57,CHINESE WHINESE
58,CAFE SKY
59,Venky's Xprs (Aundh)
60,True Tramm Trunk
61,PUNJABI DHABA
62,Zaffraan Indian Kitchen
63,L'Apicio
64,THE CREAMY LAND
65,Cups and Pups
66,Burger King
67,HungryMan Pizza
68,Shalinis Salads
69,CRUSTBUSTERS
70,Soy Affair
71,Taaareef
72,High On Gourmet
73,SHAHI TEST OF HYDERABAD
74,Arabian Knights
75,STEAK DE RIO
76,Natural Ice Cream
77,Fabcafe By Fabindia
78,Kareems
79,GSardarG
80,LeanCrust Pizza - ThinCrust Experts
81,McDonald's
82,McDonald's Gourmet Burger Collection
83,Gong
84,Cafe Peiskos
85,VEG SUTRA
86,Monk's & Blue's
87,Wake and Bake
88,Italy Via Punjab
89,PRAWN HUB
90,V - Deck
91,Tea Villa Cafe
92,Incognito - Restaurant Bar & Cafe
93,The Break Room
94,7 Seas Wine n Dine
95,Chizzlers
96,McDonald's Gourmet Burger Collection
97,The Greedy Man Pizzeria
98,Good News Dhaba
99,The Momo Box 
100,La Pizzeria by Little Italy
101,HOTEL BENGALI
102,P- TOWN BAR
103,Huber & Holly
104,Goila Butter Chicken
105,Urban Sandwich Co
106,PUNJABI SWAD
107,La Cherie
108,Tales & Spirits
109,Hotel Green Park
110,Mr.Chows
111,Little Konkan
112,Bolo Tara Rara
113,Hangout - Family Resto
114,YA BASA THE DHABA
115,Prem's
116,Sadanand Resorts
117,SUPER NAAN
118,Hotel Shivanjali
119,YONIES- GOOD VIBES & PIZZAS
120,Amruta Village Family Restaurant
121,ROLLING IN DOUGH
122,Elephant & Co.
123,The Calicut Biryani
124,LIIT live it today
125,Urbo
126,Desi Aroma
127,Lucknow Spice
128,Hippie@Heart BHS
129,Fish Curry Rice
130,Nawab Asia
131,Wok 'ur' World
132,WOK POT CHINESE
133,Theobroma
134,Terttulia Bistro
135,Karolbaug
136,Bhairavee Pure Veg. Restaurant
137,Hotel Chul Mutton
138,Sphere
139,TOD - Twist Of Diet
140,Origems
141,Domino's Pizza
142,Sliced by The Urban Foundry
143,Lallantop Dhaba Bar
144,Biryani By Kilo
145,Kerala Cafe
146,The Cake Art
147,Abhiman Pure Veg
148,Mainland China
149,Satva Veg
150,Chinese Culture
151,Chinese Chef Co
152,THIKANA
153,Buon Cibo The Italian Cafe
154,The Urban Foundry
155,EKKYAS FAMILY RESTAURANT
156,Manali-Family Resto Bar
157,The Rustle Nest
158,Dolma Aunty Momos
159,Hongs Chinese
160,FLAVOURS OF ANDHRA
161,Godavari Ruchulu
162,Hyderabad Darbar
163,Effingut
164,Mad Momos
165,Oven Story Pizza
166,Chinar - A pinch of kashmir and world
167,Chopsticks Chinese Thai Food Truck
168,The Bigg Bull
169,Cake O'Clock by Garima
170,Mandarin Oak- The Heavenly Chinese
171,Shreemant Juice Bar
172,Ganesh Bhel-Bavdhan
173,MANKAR DOSA
174,Venky's Xprs (Bavdhan)
175,Oven Story Pizza
176,Firangi Bake
177,puneri tea and snacks
178,Itminaan Biryani - Dum Pukht
179,LunchBox
180,CAFE WTH pune
181,Mad Over Donuts
182,Akkad Bakkad Bombay Boom
183,Peshwa Of Patiyala
184,Hotel Royal tandoor & chinese
185,BURGER MINES
186,Check Mate Biryani House
187,The Bangs
188,Tasty Tongues Chaats
189,K2 Chinese Restaurant
190,Cake Connection
191,Balaji Bhel Center
192,Keventers Ice Cream
193,The Good Bowl
194,Kgn Xprs (Bavdhan)
195,Aaryas Chinese Fast Food
196,LeanCrust Pizza - ThinCrust Experts
197,Dexter's Shakes and Salads
198,Poli Bhaji
199,CRAZY CHEESY ( Bhavdan)
200,Indore Junction
201,Biryani Bowl
202,The Burger Art
203,Angaara
204,Khatri Bandhu Pot Ice Cream- Desi Shakes By KB
205,Peter's Momo Center
206,Youthapam Restocafe Bavdhan
207,BOX8 - Desi Meals
208,Daily Delite Foods (premacha chaha )
209,XPRESS ROLLS
210,SAI SHREE VEG AND NON VEG
211,The Brooklyn Creamery - The Healthy Ice cream
212,THE HOTBOX
213,Subway
214,Yummy Rolls...Mad Momos
215,SWANANYA FOODS
216,Pure Veg Meals by Lunchbox
217,Darjeeling Momos and Chicken Shawarma
218,DREAM CAFE
219,Freshofish
220,"The Sparrow Rolls , Rice & More"
221,Puneri Biryani House
222,Simply Delicious
223,Siya's Kitchen
224,Bread Story
225,Khau
226,RD Biryani
227,Paramhans Pure Veg
228,Masters Biryani N Grill
229,7th Heaven Cake Shop
230,Sara's Rollhouse and Chinese
231,Laddish Cafe
232,Chinese Gully
233,Sarovarr - a Multicuisine Restaurant
234,Dragon Feast
235,OPYUM
236,Roll mekars
237,Amul Ice Cream Parlor
238,Sujata Mastani
239,Punjab Express
240,Awadh E Malwa
241,gusto punjab
242,KEKIZ THE CAKE SHOP
243,Bhagare Misal
244,Domino's Pizza
245,24 Carat Lounge and Bar
246,Street Deli
247,Mrs. Sathe's Kitchen
248,Snappy Dragon
249,Om Sai Snacks Centre
250,Vardayini Pure Veg
251,Hotel shivprasad
252,LOCKDOWN CAFE AND BISTRO
253,Om Sai Chinese and Rolls
254,Indore Katta
255,Foodaholic
256,Best of South Pure Veg
257,Baskin Robbins
258,SAMARTH FOODS
259,Cafe Om Sai Pure Veg
260,Homely Meals @69
261,ASWAD RESTAURANT
262,Faasos
263,Sabji-Chapati
264,Red Dragon Rolls and Chinese
265,VIRAJ CHINESE
266,ZAZA 22 Spice Biryani
267,Tarif Biryani House
268,Deewan-E-Biryani Bavdhan
269,IRANI CHAI CAFE
270,Thorats Barbeque Misal
271,Jijai Coffee House
272,Cafe SD
273,The Biryani Life
274,Hungraze
275,Hotel Aarya
276,M.D.C BIRYANI
277,Angaar
278,24Foodies.in
279,Cafe Peter
280,24Munchies.in
281,AADD M AADD B
282,The Bar Tales
283,Eatsome
284,"Laddish Cafe Food, Music & Liquid Station"
285,Sweet Truth - Cake and Desserts
286,italian hut
287,Jagdamb Chinese Center
288,JACKSON RESTO BAR
289,Momo Brothers
290,Behrouz Biryani
291,CAFE CORONA GO
292,Om Sai Expresso Veg & Non Veg
293,Anda-Mental
294,Anoo's Delights
295,The Mint Leaf Resto Lounge
296,Gupte's Food Delight
297,Cafe Paratha Plus
298,I'm Lion
299,A1 Chinese and Biryani Corner
300,Kulkarni's Kitchen
301,Cafe Aarya
302,Kolhapur Inn
303,Chaila Tandoor Chai
304,Prarthana foods & services
305,Om Sai Mastani House
306,Cafe Coffee Day
307,La Bali
308,RushHrs
309,DESI HANDI
310,Goodluck Cafe Bavdhan
311,The Pizza Box
312,Masemari - The Fishing
313,Chinjabi
314,Noor Snacks
315,Rolls Mania
316,Crazy Momos
317,Spice Roots
318,Smoking Hot Cafe
319,Maddy's Chinese
320,Uncle's Chinese
321,CAKES & BALLOONS
322,NH1 Bowls - Highway To North
323,Aromas kitchen
324,Food Of Indore
325,Frangipani - Ambrosia Resort and Spa
326,Darjeeling Dragon
327,PUNA DARBAR
328,Krushna Pure Veg Family Restaurant
329,RAKESH SWEET CORNER
330,KNS Xprs
331,Laxmi Bhel And Snacks Center
332,The misal only
333,Winni cakes and more
334,Hotel Spine Woods
335,THE MAGIC BOTTLE
336,Durga Nashta House
337,AL ZAIKA
338,Pure Veg Meals by Lunchbox
339,ONKAR SMOKY CHICKEN BIRYANI
340,Raw Cube
341,Biryani Ride Dighi
342,HRIDAY FINE DINE
343,ROYALISTO RESTAURANT
344,KPs Chinese Restro
345,Hotel Sonali
346,K K Family Restaurant
347,N P PIZZA
348,Mandarin Oak- The Heavenly Chinese
349,HOTEL PRATHMESH
350,Moshi Grrand
351,SAMRUDDHI CHINESE FAMILY RESTAURENT
352,ARUS KITCHEN
353,Palkhi Restaurant
354,Oven Story Pizza
355,Tiranga Family Restaurant
356,KDS
357,Indrayani River Misal
358,Hotel Janjira
359,CAKE & TAILS
360,DOSA WORLD
361,Mad Over Donuts
362,Apulki Family Restaurant
363,Caramella's
364,The Good Bowl
365,Hotel Shree Yash
366,Hotel Pragati
367,Balefire Kebab
368,Impress Cake shop
369,7 Spice Biryani House
370,Baba'j Xprs
371,Momo Kings Sandwich And Pizza
372,Hotel Kaajawa Garden Restaurant
373,Masala Punjab
374,Baskin Robbins
375,Ramdev Dhaba Pure Veg
376,MAYUR RESTAURENT AND BAR
377,Chinese Kitchen
378,84 East Family Restaurant & Bar
379,Food Of Indians (FOI)
380,New Ashoka Pure Veg
381,Biryanikar
382,SLICE OF ITALY
383,Sasarwadi Mutton Khanawal
384,HERITAGE  -  THE ROYAL DINING
385,Red Orchid's China Bistro
386,KINGDOM TANDOORI KEBAB & BIRYANI
387,Vrindavan Restaurant
388,THE MIRCHI RESTAURANT
389,Spring Potato
390,MOMO PRO
391,Andhra Gunpowder
392,Athiti Pure Veg
393,ARAMBHA VEG NON VEG
394,JUST MEAT
395,Behrouz Biryani
396,Aangan Kitchen Of Veg
397,Biryani Trip
398,Pang's
399,Cakelets Cake N Cafe
400,Dosti Mutton Khanawal
401,Hotel Vaishnavi
402,Farmers Kitchen
403,Sweet Truth - Cake and Desserts
404,Frendz - Meet Your New Frendz
405,HOTEL MAITRI DARBAR
406,AASWAD PURE VEG RESTAURANT
407,HOTEL DAJIBA MUTTON KHANAWA
408,Domino's Pizza
409,UPVAS SPECIAL
410,SLAY Coffee
411,Gokul Pure Veg
412,Hungry Hub Pune Caterers
413,Barista
414,Pushkaraj Garden
415,TRIMURTI FOODS AND BEVERAGES
416,Mother's tawa
417,Authentic Seafood
418,Subway
419,ESEVEN RESTAURANT
420,Bhairavi Hydrabadi Biryani
421,Riya Corner
422,Akshay Court
423,SRS Multi Cuisine Restaurant
424,Hotel Dattaprasad
425,Garva Biryani
426,Royal Punjab Restaurant & Bar
427,Sublime Bistro
428,Rajeshahi Biryani
429,NIC Natural Ice Creams
430,Kukkdu Ku Biryani House
431,TASTE OF BIRYANI
432,OVERDOSE RESTAURANT AND LOUNGE
433,BIKANER SWEETS BHARATI
434,Kraks N Bruns
435,New Arabian Grills
436,Crazy Cheesy
437,Arabian Hot N Spicy
438,Hotel navnath
439,AMRUT PURE VEG
440,Master Shiffu
441,ISHWARI'S KITCHEN
442,Chinese King - Brahmas Food Corner
443,Tiranga - Satara Road
444,The Good Bowl
445,Urban meals
446,Toss Pizzeria
447,Kaveri
448,Vedant Pure Veg
449,Jai Ganesh Chaat
450,Atithi Restaurant
451,Domino's Pizza
452,SimplyOrange.in
453,The Burger Park
454,BBQ ME N U
455,Royal special biryani House
456,KuchBhi KITCHEN
457,Dakhkhan Delicacies
458,Aarya's Biryani Hub
459,Jayashree Misal
460,RK Biryani House
461,Dwarka
462,Biryani B-Box
463,Chitale Bandhu Mithaiwale
464,BK Submarine
465,PLATINUM ENTERPRISES
466,Vishwakamal
467,NH1 Bowls - Highway To North
468,Itminaan Biryani - Dum Pukht
469,DARSHINI VEG
470,The Basil Deck
471,Mad Over Donuts
472,The Queen's Plate
473,Kolhapuri Katta
474,The Lunch Box
475,Sweet Truth
476,Padmavati Chinese corner
477,LeanCrust Pizza - ThinCrust Experts
478,Purandar veg non-veg
479,Behrouz Biryani
480,HOTEL VILLAGE
481,Oven Story Pizza
482,Mandarin Oak- The Heavenly Chinese
483,Gupta Wadewale
484,RK Chinese House
485,Hotel Utsav Deluxe
486,THE CHINESE WINDOW
487,PARMAR BHEL PANIPURI CENTER
488,DevUncle Kitchen
489,Honey Restaurant
490,SAINATH VEG
491,VENKY'S CHICKEN XPERIENCE
492,RAJMUDRA SP FISH HOTEL
493,Couch & Cheese
494,Winner Pizzas (Fresh Dough)
495,Mahabaleshwar Berry Bash
496,KGN Xprs
497,Hotel mawalaj
498,PUNE ADDA
499,Purnabramha
500,Baasuri
501,Pizza Hut
502,Hotel Shree Morya Latur Special
503,HOTEL SHEETAL
504,bhukkad ka nukkad
505,McDonald's Gourmet Burger Collection
506,Spice Garden Family Resto & Bar
507,Roll Point
508,Anjali Foods
509,Mr A cakes and bakers
510,Bhujbal Bandhu Hotel Apulki
511,Morya Snacks Center
512,Starboy Pizza & Shakes
513,ZAZA 22 Spice Biryani
514,Tutto Bene
515,Sai Hotel
516,Metro Chinese
517,Meghdoot's
518,Rajveer Pure Veg
519,Pind Daa Swad Paratha House
520,MR. SARKAR CAFE
521,Yenna Dosa
522,Saru'j Shetkari Hotel
523,Nimantran Restaurant & Bar
524,Grameen Kulfi
525,Cake Story
526,Narsobawadi Dairy And Organic
527,SWS Veg Pizzaria
528,McDonald's
529,Ktree Family Restaurant
530,Spice Stories
531,sammich
532,NH1 Bowls - Highway To North
533,Itminaan Biryani - Dum Pukht
534,RK Foods
535,Shivshambhu Tiffin
536,MASOLI FAMILY RESTAURANTS
537,FLIRTY MOMO
538,Punjabi Tadka Aur Tandoor
539,Dalchini Veg & Non Veg
540,Hyderabad Biryaani House
541,Rubaab Multicuisine family restaurant and bar
542,Gatha pure veg
543,SPICE OF PUNJAB
544,Biriyani House
545,Domino's Pizza
546,Zippy Feed
547,Grameen Kulfi
548,SKY FOOD QSR
549,Chinese Chaska
550,Brunch Biryani
551,Supalkar Biryani House
552,SHUBHAM CHINESE AND SNACKS CENTER
553,Roll Time
554,Food Court
555,Singh Ching
556,Chinaar Pure Veg
557,Rauts Barfi
558,Authentic Royal
559,ATITHI VEG
560,Lucky Caterers And Biryani House
561,HOTEL ANNA MADRASE
562,Kekiz The Cake Shop
563,McDonald's
564,Ali Baba Hotel
565,CHOUDHARY CATERERS
566,Hotel Yashraj Family Restaurant And Bar
567,Rudra Restaurant
568,Special Dum Biryani House & Saisha Snacks Center
569,Yash Veg and Nonveg Hotel
570,Big Bang Community
571,Kisa Veg Corner
572,Shree Kulfi and Icecream
573,Hotel Maratheshahi
574,Momo Monk
575,Aditya Ice cream Parlor
576,Purepur Kolhapur Family Restaurant
577,Sk fast food /pure veg Chinese
578,Gharcha Swad Seafood Special
579,Agent Momo
580,Dakaar
581,Hotel Red Chilly
582,Vaishnavi Food And Snacks Center
583,China Town Pure Veg
584,Bismillah Restaurant
585,Slurpy Shakes
586,Chopsticks Chinese
587,JAGDAMB VEG
588,SOYA SINGH
589,Samruddhi Fast Food
590,Vintage Kitchen
591,P AND K CAFE
592,Hotel Amba
593,McDonald's Gourmet Burger Collection
594,Hotel Samrat
595,Mezbaan Family Restaurant
596,Jugaadi Katta
597,Ganesh food cort
598,Hotel Avani Biryani
599,Hangyo Ice creams
600,Sundae Everyday Ice Creams
601,Momos King
602,HELTHY FOR ME
603,Reddys Restaurant
604,Madina Biryani House
605,Annapurna Khanaval
606,Hotel Nandini
607,Grand 11 Restaurant and Loungh
608,Samrudhi Restaurant
609,kaka ka khana
610,Biryani Trip
611,ROLL DELIGHTS
612,Paratha Envy
613,Hotel Jai Mahlar
614,Shahi Biryani
615,Sampan Royal Fast Food
616,Renuka's Kitchen
617,Soups Sezwans & Noodles
618,NEW CAKE AND CAFE
619,HOTEL MALINI
620,Shivsai home mede
621,MADHUBAN  SNACKS  AND  TEA  POINT
622,Swagat food
623,Foodginie Express
624,Hotel Tanishka
625,Indra Pure Veg
626,Andhra Gunpowder
627,Azad Combo Offers
628,The Fort Bar & Kitchen
629,Jai Ambika
630,Areneshwar food
631,Khichdi Special
632,Kokkita
633,Fusion Foodies Delicious Punjabi Darbar
634,Udta Punjab
635,Sai hotel
636,Mainland China
637,Ashus Kitchen
638,AK BIRYANIWALA
639,ROYAL KITCHEN
640,Apsara Ice Creams
641,Grand Punjab
642,KRISHNA FASTFOOD AND CHINESE
643,FOODS PRIDE KITCHEN HYDRABADI  BIRYANI
644,VAISHALI PURE VEG
645,Angoor Family Restaurant
646,Combo's N Thali's
647,Hotel New Maharashtra
648,The Maratha darbar
649,Red Chilli Chinese
650,Lavangi Mirchi
651,Tastebuds pizza
652,Desi Paratha Junction
653,Asia Kitchen by Mainland China
654,Madhav Wine And Dine Family Rest-O- Bar
655,ENGLAND THICKSHAKE COMPANY
656,NIC Natural Ice Creams
657,Rohit food
658,MORYA MISAL
659,Punjab Kitchen
660,Pirajee's Cake
661,PAPACREAM
662,Swad Fish House
663,Mengus The Fisher men Special
664,Cheesy Paradise
665,WarmOven Cake & Desserts
666,LeanCrust Pizza - ThinCrust Experts
667,Utsavv
668,Mangesh Restaurant & Bar
669,Mandarin Oak- The Heavenly Chinese
670,Kokan vaibhav
671,MIDNIGHT CAFE
672,Chole Bhature And Parathas
673,Bongs Roll House
674,Burger King
675,MEAL BOX
676,Assal Biryani
677,Kebab Bites
678,KGN Xprs (Hinjewadi)
679,1304 FOOD BAR
680,Around The World-Grand Tamanna Hotel
681,The Belgian Waffle Co.
682,Biryani By Mezza9
683,Indian Bowl Company
684,Cake Choice Multi Bakers & Confectioners
685,T3M cafe n bar
686,Hotel The Skypiea
687,DOSTI KATTA BIRYANI & SNAKE CENTER
688,Holiday Inn Express
689,Zaika
690,Hotel Madhuban Garden Resto & Bar
691,Bikaner sweets
692,Grameen Kulfi
693,Courtyard by Marriott
694,Hyderabad House (Phase 1)
695,Star 1 Cakes
696,Cheer Sandwich and Fries
697,McDonald's
698,NIC Natural Ice Creams
699,PAPACREAM
700,The Bangs
701,THE HOME OF BIRYANI
702,Oaramehas Cake Shop
703,Blueberry Foods
704,Sweet Truth - Cake and Desserts
705,Ferns Npetals
706,Oven Story Pizza
707,Behrouz Biryani
708,Tarsh Kitchen & Bar
709,Mezza 9
710,Karolbaug The Dhaba
711,Roll Story
712,Spice It by IBIS
713,BIRYANI BADSHAH
714,Maharaja. 11
715,Rajmudra Biryani House
716,The Taste Of Capital
717,EXPRESS BY AB'S
718,Hotel Malhar
719,Absolute Punjab
720,Pizza Hut
721,Classifood Traditional Taste
722,DESI INDORI DHABA
723,BIKKGANE BIRYANI
724,Saundarya Garden
725,Bunee Heist
726,Ancient Hyderabad
727,CAFE DURGA
728,Hotel Shivsankar
729,AB s-Absolute Barbecues
730,Ghar ka Dabba@69
731,RAQABDAARS
732,ZAZA 22 Spice Biryani
733,Domino's Pizza
734,Arabian Mandi
735,Old Spice
736,vrundavan veg restaurant
737,Natural Ice Cream
738,DESI HANDI
739,Reddy's Biryani Zone
740,Ammbiir
741,Royal rolls 
742,HOTEL SWARAJ
743,Tamanna Executive
744,ZAFFRANS
745,McDonald's Gourmet Burger Collection
746,HOTEL RAJYOG
747,JALANDHAR KA SWAAD
748,SAIRAJ ROLLS HOUSE
749,Hotel Swarajya Biryani House
750,NH1 Bowls - Highway To North
751,TASTE OF MALVAN
752,Biryani Check
753,Ice Cream Works
754,Kekiz The Cake Shop
755,Thali Central
756,THE GREAT PUNJABI PARATHAS
757,The Js Pizza
758,A1 Biryani House
759,PIZZA STORY
760,The Biryani Experiment
761,Sampoorna
762,COFFEE & SHAKES PLUS
763,Spare Time Bhatia Da Dhaba
764,Wagh Bakri Tea Lounge
765,Mughal Mahal
766,Spice Factory
767,SnackEat
768,THIKANA
769,Hyderabad Darbar
770,Hotel Grand Malhar
771,Dum Fook
772,AWDHI AROMA
773,Bowl Up !
774,The Good Bowl
775,Dilli di Rasoi
776,That Pizza Place
777,FLAVOURS OF ANDHRA
778,WONDER BITE
779,Chinese Hut
780,Pet Pujari Restaurant
781,LeanCrust Pizza - ThinCrust Experts
782,24/7 Gallery Cafe By Hyatt Place
783,Swiss Delights
784,Satguru's Punjabi Rasoi
785,WRAP AND ROLL
786,ANNAPURNA KITCHEN
787,Itminaan Biryani - Dum Pukht
788,H2O Sportsbar And Rooftop
789,Kava Kitchen - Fairfield by Marriott
790,Kwality Walls Frozen Dessert and Ice Cream Shop
791,ZAZA 22 Spice Biryani
792,Laziz Biryani Shop
793,Meals101
794,Oven & Grill
795,Biryani House
796,Global Ninja (by Global Punjab)
797,Barista
798,Bapu thali
799,Hyderabadi Zaika
800,KIMLING XPS
801,Dilbaro
802,Copper Chocs
803,Pure Veg Meals by Lunchbox
804,The wrap co
805,HYDERABADI BIRYANI PLACE
806,Martini Bar And Kitchen
807,Yess Pizza
808,amritsari spices
809,Eagle Brother's Pizza
810,Satguru's Punjabi Rasoi
811,The7A
812,OYE KAKKE BY SPICE FACTORY
813,B.Y.O.B RESTO LOUNGE
814,Fly High
815,Khao Piyo Junction
816,Kwality Restaurant
817,Biryani By Kilo
818,Sardarji Food
819,Sultan's Biryani and Kebab
820,Italian cafe
821,Chakrapani Bhel And Tea
822,Hyderabad Darbar
823,Sai Foods (Homemade food)
824,Rasoi Ghar Ka Swaad
825,Hyderabadi Royal Biryani
826,BK SANDWICH PIZZA AND PASTA
827,Healthy Bowls
828,Hashtag Thali
829,Hotel Rajasthani Rasoi
830,Shaukeen Paan Kharadi
831,Art Of Pasta
832,Super Biryani House And Caterers
833,Sri Durrga Hotel
834,CHOW EXPRESS
835,Pind Da Tadka
836,Tawa Street
837,Sky High-The Club
838,Domino's Pizza
839,JAY MALHAR HOTEL
840,Aha! Baangali
841,Rayalaseema Reddy's  Family Restaurant
842,CAFE KATTA
843,The Biryani Factory
844,Dawate Darbar Biryani
845,Swad Fish House
846,Reddys Restaurant eon
847,Natural Ice Cream
848,Ice Creamery - Milkshakes & Icecreams
849,Biryani Trip
850,Shanghai- The Chinese World
851,Godavari Ruchulu
852,Rachel Foods
853,Chitale Xpress - Kharadi
854,Pork English Farm Meat Eat
855,Paratha Envy
856,Swastik Pure Veg
857,Global Punjab
858,Paramhans pure veg
859,Bread Story
860,KHICHDI ETC
861,HOTEL YASH
862,THE BAWARCHI BIRYANI AND KEBAB
863,Kapila Resorts
864,Sher E Punjab
865,Chalu Chinese
866,THE BIRYANI JUNCTION
867,FROZEN/FRESH/REAL GOOD/ FISHPRAWNS
868,OM SWEETS
869,Sweet Truth - Cake and Desserts
870,HOTEL SAHARA VEG AND NON VEG
871,hotel new vaishali
872,Leaf Restaurant
873,RocoMamas
874,The Good Bowl
875,Sampooornanand Pure Veg
876,Namaste Khichdi
877,Torna Mutton Khanawal
878,Aroma's biryani by reddys
879,The Paratha Singh
880,NH1 Bowls - Highway To North
881,Biryani Blast
882,Itminaan Biryani - Dum Pukht
883,Pizza Hut
884,The Chinese Dragon
885,Salad Men
886,Babus Kitchen
887,Starbucks Coffee
888,Texas Tower
889,Omkar Chinese Center
890,DRINX EXCHANGE
891,Thalis & Bowls
892,Indian Bowl Company
893,LeanCrust Pizza - ThinCrust Experts
894,Belly Tales
895,BIRYANI CHEF BY REDDYS
896,SHAWARMA KING
897,Anna Vada
898,Radhika- Flavours of East
899,ALL IN ONE BIRYANI SHOP
900,THE BIRYANI NATION
901,Oven Story Pizza
902,Behrouz Biryani
903,MEAL BOX HYDERABADI BIRYANI
904,AROMA PARADISE
905,Shamiana
906,Malaka Spice
907,Baatiwala
908,Chai Shai
909,Bullet Biryani
910,Kalimiri
911,Anna idli and snacks
912,Red Chillies Multi Cuisine
913,Won China
914,DAILY  FRESH
915,RAYALASEEMA REDDYS FAMILY RESTAURANT
916,Shree Krishna
917,Namaste Paratha Corner
918,Desi Adda
919,Huber & Holly
920,Foodie
921,LALAJI KA HOTEL
922,THE KOLKATAS BIRYANI AND KEBAB
923,Mr. Dosa
924,A1 VIP FOOD SERVICE
925,Burger King House
926,Mandarin Oak- The Heavenly Chinese
927,Swadisht Punjab
928,Doodle Chinese Chang
929,NIZAM E ZAYKA
930,Spice 24
931,APNA HYDERABADI BIRYANI HOUSE
932,Big Reddy's
933,Mocha
934,Junoon restaurant
935,American Ration
936,Toit
937,Chafa Cafe and Studio
938,Pinxx - Hotel Royal Orchid Central
939,Barbeque Nation
940,The Chilika Restaurant
941,Biryani Blast
942,Copper Chocs
943,CAFE BASO
944,Hapaa - Asian Stir
945,Kerala cafe
946,The Bounty Sizzlers
947,Sassy Teaspoon
948,House of Foodies
949,Baan Tao by Hyatt - Kalyani Nagar
950,DRUNKEN MONKEY
951,The French Window Patisserie
952,Bottle Forest
953,ONE - Restaurant & Bar
954,Huber & Holly
955,Eighty Eight by Hyatt - Kalyani Nagar
956,Kasba- Royal Orchid Golden Suite
957,Shree Inn
958,McDonald's Gourmet Burger Collection
959,Elephant & Co.
960,Moshi Moshi
961,Zayk-e-Awadh
962,Hie-Foo
963,Carnival Restaurant & Bar
964,Tvum
965,Mineority By Saby
966,Domino's Pizza
967,Murphies
968,Arthur's Theme
969,The Greedy Man Pizzeria
970,Kangan - The Westin
971,The Market- The Westin Pune
972,Daily Treats - The Westin
973,The Sassy Spoon
974,Pergola Kitchen And Bar
975,Immuneaty
976,Blue Shack
977,Hot Tadka Restaurant
978,THE CUE BAR AND CORNER SHOT
979,RocoMamas
980,Squisito
981,Kolkata Kitchen
982,EDP Restaurant
983,GATEWAY TO CHINA
984,Flavours Of China & Lebanon
985,Mumbai Darbaar
986,Immuneaty
987,Dime N Dine
988,China Grill
989,Waffle N Shake
990,Paul's
991,Swad Punjab Da
992,Kabul Restaurant
993,South Samrat Pure Veg 
994,Thanco's Natural Ice Cream
995,GOLDEN CAKES
996,Itminaan Biryani - Dum Pukht
997,Celestine Multi Cuisine Restaurant
998,Lahori Tadka
999,Hotel New Luqmaa
1000,Mohan ice cream
1001,BIG BURGER BAR
1002,HOUSE OF ZA
1003,Sufi's
1004,Fit Food Company
1005,Marasim
1006,BANARASIYA
1007,LONDON DAIRY
1008,SUGREN HOMEMADE NON VEG
1009,Green Court Resto N Bar
1010,Baker's Basket
1011,Al Hayat Hotel
1012,Fabio Food Court
1013,Green Sampan
1014,Shee Chinese
1015,PIZZATTO'S
1016,Kebstha
1017,Rasoi Punjab
1018,Riya Pure Veg Family Restaurant
1019,Hotel Jijau- Kondhwa
1020,Effingut 2 Go
1021,Royal Darbar
1022,SADGURU KRUPA CHINESE AND MOMOS
1023,Signature
1024,Dragon Fire
1025,Hotel Angaraj
1026,Krabi Town - The Oriental Restaurant
1027,NIZAMS BIRYANI
1028,Dawat Restaurant
1029,AL SABA MAC MINO WAY
1030,Hotel Real Taste
1031,McDonald's
1032,Grub Jars
1033,Deccan Darbar
1034,Cafe 7
1035,Little Italy
1036,Lazeez fast food
1037,Bliss Bistro - Chula
1038,Ya Habibi Fatayer
1039,Big Brother's Biryani
1040,Nothing But Chicken
1041,Arabian Grills
1042,Mamio's Kitchen
1043,CakeZone
1044,Hotel AL Madeena
1045,NIC Natural Ice Creams
1046,Peter's Pan
1047,Vicki's
1048,PROPER PAKODA
1049,FLower Aura
1050,Doux Voyage
1051,Fat Cat's Cafe
1052,Go Rigo Go
1053,Jaffer Bhai's Delhi Darbar Restaurant
1054,The Fat and the Sexy Chef
1055,Seven Eleven cafe & Restarant
1056,Biryani By Kilo
1057,EXECUTIVE MEALS
1058,Madinah
1059,The Good Bowl
1060,Theobroma
1061,KANNU KI CHAI
1062,Hungry punjabi
1063,Subway
1064,KFC
1065,Crossbar By MJ Cafe
1066,Salad Box
1067,The Doner Company
1068,Bagban's Chef
1069,PUNJABI DHABA
1070,Domino's Pizza
1071,The Rollin Dough
1072,MEAL BOX
1073,Jashn
1074,Sampan food and foods
1075,CHIPPA
1076,Mountain High
1077,Backer's Bake
1078,Pizza Hut
1079,Largo Pizzeria
1080,ASIAN EATERY
1081,The Cake Layer
1082,Papa Wraps Shawarma Roll Factory
1083,Delhi Paratha Darbar
1084,Kimling
1085,Maggie In a Bowl
1086,Manna Foods
1087,Crazy Cheesy ( Sakunke)
1088,Pizzarella
1089,Burgerella
1090,Sujata Mastani
1091,Bamsi Kitchen
1092,Alhamdulliah restaurant
1093,Super smash burgers
1094,Bamyan
1095,GARRISON KITCHEN
1096,Krushna Pure Veg
1097,PIZZARONEE
1098,Mothers Canteen
1099,Mughal Rasoi
1100,Mughal's Restaurant
1101,Kwality Family Resto Bar
1102,NutriHunger
1103,Bowls@69
1104,Aditya Kitchen
1105,Tulja Bhavani Bhojanalay And Snacks
1106,Natural Ice Cream
1107,House Of Gains
1108,CAFE AL MUHSI
1109,Sweet Truth
1110,Kaka wadewale
1111,BIRYANIBAD
1112,Balle Balle Chow Chow
1113,Schezwan Chef
1114,Samosa Partea
1115,LeanCrust Pizza - ThinCrust Experts
1116,Step-In
1117,Churro Mania
1118,REVELRY CAKE & DECORATION HOUSE
1119,Hotel Afghan Shamal
1120,Biryani Bowl
1121,Chitale Bandhu Mithaiwale
1122,Nawabs Biryani & Kababs
1123,Beto's
1124,CHEF'S NATION
1125,Dum Biryani
1126,PESHAVARI TADKA
1127,Biryani King
1128,Chocolate biclate
1129,Hashtag Hunger
1130,Henny's Gourmet
1131,Reddy's Family Restaurant
1132,Burger King
1133,Oven Story Pizza
1134,Kabab Corner
1135,Tandoor Point
1136,Behrouz Biryani
1137,ZAZA 22 Spice Biryani
1138,McDonald's Gourmet Burger Collection
1139,Noble Bake Food
1140,La Kheer Deli
1141,S & B the cake factory
1142,Urban Sandwich Co
1143,Moonlight Rolls & Momos
1144,tasty pizza house
1145,Belenize cake and Desserts
1146,Must Momos & Rolls
1147,Sitara Hotel
1148,Zatka misal
1149,Venkys Xprs Bakulnivas
1150,Biryani Master
1151,99 Dosa the taste  of Hyderabad
1152,Roll VS Roll
1153,Sugran Swayampakghar
1154,The Black Wok Chinese
1155,SALAD BAR
1156,Deewan-E-Biryani - Kothrud
1157,Fish O Fish
1158,Craving kichan
1159,Falooda Junction
1160,LA DESI KHANA
1161,Barometer
1162,Manisha Bhel Panipuri Snacks Centre
1163,Cafe Tom And Jerry
1164,BALAJI AS SNACKS CENTER
1165,Purohit Snacks & Misal House
1166,Yash pavbhaji and paratha house
1167,420 Cafe
1168,Jagdamb Mess and Chapati Center
1169,Masala Maar Ke
1170,Spice N Nice
1171,Shalimar Paratha & Fast Food Center
1172,Grand Royal Biryani
1173,The great Delhi Darbar
1174,The Sugar Free Keto Kafe - By Artinci
1175,The Dragon Fire
1176,MR PINGS CHINESE
1177,Pizza Burger Company
1178,London Bubble Co.
1179,Miana's Croissanterie
1180,Burger Mines
1181,Starbucks Coffee
1182,Potoba
1183,The Biryani Experiment
1184,AS NONVEG
1185,MOMO and Co.
1186,Misal - Mulshi Pattern Misal
1187,"Karlos Pasta, pizza & grills."
1188,PK's PUB-LIC CAFE
1189,Jacks kitchen
1190,begum falooda
1191,Shraddha Biryani House
1192,Pruthvi Vegetarianism
1193,crazy cheezy burger
1194,Cake N Balloons
1195,The Feelia Cafe
1196,cafe pizza n burger
1197,FOODIE NATOR
1198,The jail cafe
1199,domi'o pizza
1200,CAFE HOUSE and ICE CREAM
1201,7th Heaven Cake Shop
1202,The burger wings
1203,Let's Order Chinese
1204,The Nacho Ranch
1205,Prasukh
1206,kalpataru foods
1207,khandeshi tadka
1208,Abhishek chinese
1209,Shangri-La
1210,Bhujbal Bandhu Hotel Apulki - Karve Nagar 
1211,Best Belgian waffle
1212,VIGO CHINESE CUISINE
1213,Global Punjab
1214,Cafe Chow Meow
1215,Centaur Food Services
1216,Cheesiano Pizza
1217,The Oyster
1218,Joshis Kitchen
1219,Punjab Canteen
1220,Food Junction
1221,Cake Paradise
1222,Trippy MoMo
1223,Golden Dragon Chinese & Momo
1224,Moonlight Kitchen
1225,Shree datta kitchen
1226,RV's Dum Biryani
1227,Breakfastic
1228,MATOSHRI BHEL
1229,Ganesh bhel and Farsan
1230,Zaika Kathi Roll
1231,The Coffee Club
1232,Billion Burger
1233,The Royal Dakkhan
1234,Hotel Shree Ganesh Krupa
1235,Wow Chinese
1236,Venky's Xprs (Kothrud)
1237,POTBHAR BIRYANI HOUSE
1238,Eatsome
1239,Biryani Story
1240,Abhishek Veg Restaurant
1241,Moraya Restro
1242,Bhalekar's Matsyagandha
1243,Gypsy Caterers
1244,Abhishek Non Veg Restaurant
1245,Sinhgad Chaupati
1246,GAREEB NAWAJ DAM BIRYANI HOUSE
1247,KEKIZ THE CAKE SHOP
1248,Rice Bowl
1249,Bhadait Misal
1250,BADSHAHI BIRYANI
1251,Laxmi Narayan
1252,Indore Foods
1253,RETOX
1254,Wholesome Meals
1255,SAI SANDWICH
1256,Jose & Isabella's Italian Pizza
1257,New Shegaon Kachori Centre
1258,CakeZone
1259,Rajmandir Ice Cream
1260,Aj food hub
1261,Rolls Mania
1262,The Golden Samosa
1263,Jeevan Tea Center
1264,New Poona Bakery And Cafe
1265,DARBARI CHINESE
1266,Virundavan Kitchen
1267,Sadguru Kitchen
1268,BREATATO . CO
1269,Fish Curry Rice
1270,Manisha Bhel And Panipuri
1271,Malabar
1272,Marwadi Jalebi Junction
1273,Snackbar Express
1274,Shri Chaturshringi mata Snacks center
1275,Cafe Ocean 11
1276,Pizza Club
1277,Parth Veg Nonveg
1278,Neo's Chinese
1279,Pimlico Kothrud
1280,Panchkrishna Restaurant
1281,SHIVAR HOTEL
1282,SHIVTIRTH VADAPAV
1283,Awesome Burger Kitchen
1284,Le Petit Amour Patisserie & Bistro
1285,Rambo's Biryani House
1286,Momo Monk
1287,Loafmaster
1288,UMIYA KUTCHI DABELI
1289,Mithas
1290,Janeman Rolls
1291,BOX.72
1292,PM Chinese
1293,SHIDDAT BIRYANI
1294,Chickan Wadapav
1295,Shree Maha Durgeshwari
1296,Kokan Fresh Fish
1297,Paramhans Pure Veg
1298,Mayur Pavbhaji & Juice Bar
1299,Sagars Kebab & Biryani Food Truck
1300,Zillionth Bistro
1301,Artinci - Indulge Guilt Free!
1302,New Aswad Gomantak
1303,Katakirrr Misal
1304,Haldirams Chaat
1305,Harry Puttar Da Dhaba
1306,Khandesh Express 
1307,Code The Speakeasy Bar
1308,King's Chinese & Restaurant
1309,McDonald's
1310,The Burger Project
1311,Mobee's Corner
1312,Natural Ice Cream
1313,Mealful Rolls - Meals in a Roll
1314,Shree Chinese
1315,Hotel Al-Zaika
1316,Yash Wadapav
1317,Golden fried chicken
1318,MAINLAND CHINESE
1319,Shaukeen - The Complete Paan Shop
1320,The Doner Company
1321,BIGGIES BURGER
1322,Smokin Joes
1323,the hunger box
1324,Khatri Bandhu Pot Ice Cream And Mastani
1325,patil tandoor & kebab
1326,Swami juice &ice cream \\n
1327,Kalinga Veg Gourmet Kitchen
1328,ISMAIL BAKERY AND CAKE SHOP
1329,Hyderabadi Biryani House
1330,Nagpur Saoji
1331,Khandeshi Zatka
1332,susha's cafe
1333,Sawant hot chips
1334,Good Fettle Healthy Ice Cream
1335,Cafe Madeline
1336,Burger It Up
1337,Su Ruchi Sweets
1338,Dominossa Pizza - Local Pizza Shop
1339,Bun and bowl
1340,Madurai Idly Shop
1341,Assal Amravati Mh27
1342,Roll Sholl
1343,Malgudi Tiffin
1344,Henry's fried chicken
1345,Havmor Havfunn
1346,Big city waffle
1347,OUT OF THE OVEN
1348,Jay Ganesh Misal Pav
1349,CUK NUK 24
1350,Reddy's Fast Food
1351,Baba Biryani House
1352,Cake N Flake By Bakester
1353,Kwality Walls Frozen Dessert & Ice Cream Shop
1354,Rajeshahi
1355,Cafe Chokolade
1356,Sugardough
1357,Shrivastav Rasoi
1358,Maitri Katta
1359,Red Dragon Chinese
1360,DA TRATTORIA
1361,Mankar Dosa
1362,CRAZY CHEESY
1363,Domino's Pizza
1364,Sai Chinese
1365,Hunger Window
1366,NOSH
1367,DineWise
1368,cafe durga
1369,Red chinese
1370,PUNERI DABEWALE AND CATERERS
1371,The Crunch Hive
1372,Subway
1373,Samarth Pav Bhaji Juice Centre
1374,YIN YANG BISTRO
1375,FRIED CHICKEN DESTINATION
1376,Sukhi De Parathe
1377,Pizza Hut Express
1378,Aalien maggi
1379,The Biryani Life
1380,"KAIRA'S PIZZA,SANDWICH&BURGER"
1381,The Basil Deck
1382,Kouzina Kafe - The Food Court
1383,Heaven Pizza And Cafe
1384,Dum A Dum Biryani
1385,Bombay pav bhaji
1386,Roll's Express
1387,Mummyjis
1388,MH 26 Food Junction
1389,Chow Chow Chinese
1390,Shalimar Biryanis
1391,Raj Restaurant
1392,Cafe 26
1393,Shri Swami Samartha Pure Veg
1394,CAKE AND CAFE
1395,NIC Natural Ice Creams
1396,Cafe Tea Talkss
1397,Kambhakarnna
1398,Khatta Meetha
1399,Cafe Coffee Day
1400,SK's Biryani House
1401,ZAIKA SNACK CENTER
1402,The Good Bowl
1403,Pizza Hut
1404,Copper Chocs
1405,Hotel Durga
1406,The Baking Genie
1407,Oasis The Royal Biryani
1408,Cafe Bon Appetit
1409,Rocky`s
1410,Cakes n balloons
1411,Hrishikesh Seafoods
1412,Theobroma
1413,Biryani Express 100% Home Made 
1414,Frozen Bottle
1415,Paratha Experiment
1416,Lockdown Kitchen
1417,Gavkari
1418,Mumma's Kitchen(Karve Nagar)
1419,Mumbai China Hut
1420,Kadak Misal
1421,Cross heart
1422,Punjabi Kitchen
1423,Yollops
1424,The Indian Kitchen
1425,Hotel Sai Shri
1426,Sairat Biryani
1427,Yedeshwari hotel
1428,Biryani Blast
1429,Kitch
1430,Maskawala & Co.
1431,Biryanikar
1432,SINHGAD CAFE
1433,Makkhan Pavbhaji
1434,SRI KRISHNA AANAND BHAVAN
1435,Cheesiano Pizza(Law College)
1436,Samosa Singh
1437,FOODZEN
1438,PAPACREAM
1439,Santosh Bhel And Panipuri
1440,Platinum King Chinese
1441,La Sicilia Bistro & Patisserie
1442,South Kitchen
1443,Hot's chaines & momos
1444,kulfi magic
1445,Biryani King
1446,CAFE EGGSTREAM
1447,Hotel Ranwara 
1448,Hotel Mejwani
1449,Pathan Laziz Biryani House
1450,The Belgian Waffle Co.
1451,Chinese Factory Kitchen
1452,China Hut
1453,Hyderabadi Biryani Express
1454,Thirsty cafe
1455,Rising cafe
1456,Wingman & \rCo
1457,SAHARA CHINESE
1458,Mankar Dosa Centre
1459,Bombay Biryani House
1460,Mahabaleshwar berry bash
1461,The Dessert Heaven
1462,Shardul's Kitchen
1463,SK Meal Home
1464,Feast India Co.
1465,Cafe Arabia
1466,Cafe Happingo
1467,Palavi
1468,NH1 Bowls - Highway To North
1469,Swami The Veg Heritage
1470,Itminaan Biryani - Dum Pukht
1471,SAOJI TANDOOR EXPRESS
1472,1441 Pizzeria
1473,GOKHALES KITCHEN
1474,Cafe Rendezvous
1475,Shree Ganesh Bhel and Farsan House
1476,SANDWICH
1477,McCafe by McDonald's
1478,Behrouz Biryani
1479,Cafe Peter
1480,Faasos
1481,Rolling Joint
1482,New Tandoor Point
1483,RK Biryani House
1484,CHANDRALOK RESTAURANT
1485,TANDOOR & KEBAB CO.
1486,Lovely Chinese Fast Food
1487,De Bakers Lounge
1488,Swara Juice Bar
1489,Siily Chilly
1490,Sandwich Katta
1491,Aditri Veg Restaurant
1492,DA'NONNA PIZZERIA
1493,The Tipsy Duckling
1494,Ganesh Bhel-Kothrud
1495,STARBON HOTELS
1496,ABIS BISTRO CAFE
1497,Mandarin Oak- The Heavenly Chinese
1498,More Dosa
1499,AROMA BIRYANI AND KEBABS
1500,LeanCrust Pizza - ThinCrust Experts
1501,Burger And More
1502,Modern Khichdi
1503,Jayesh A1 Sandwiches
1504,Kinara's Maratha Darbar
1505,JJ's Cafe
1506,Meal in box
1507,Chaat cafe
1508,BIGGY BITE
1509,Absolute China
1510,Kharwas & More
1511,Vadilal Ice Cream
1512,Idli Express
1513,Prasanna Snacks
1514,SAHYADRI CHINESE
1515,Dilli di Rasoi
1516,Green Soul Kitchens
1517,SLAY Coffee
1518,Garden Vada Pav Centre
1519,LunchBox
1520,Chatak Matak Food
1521,Moon Light Real Chinese Tandoor Point
1522,Sweet Truth - Cake and Desserts
1523,Cafe 9 s
1524,Golden Murg Biryani
1525,Oven Story Pizza
1526,Firangi Bake
1527,Grameen Kulfi
1528,SUKHKARTA PURE VEG DINING HALL
1529,KOTHRUD  BOWL  COMPANY
1530,MRIGAYA - Pukht Biryani And Mandi
1531,The Momo Xpress
1532,The bun and bowl
1533,Crazy Momos
1534,Royal Chinese Kothrud
1535,Baba's Veg Non Veg
1536,The Ganache
1537,Late Night Chinese
1538,Golden Chillyz
1539,Momo Express
1540,Yolkshire
1541,Our Moms Kitchen
1542,Rudra Veg
1543,New Kalyan Bhel
1544,Meal Bowl
1545,Chinese King
1546,Chinese Express
1547,Caramella's
1548,Chinese Experiment
1549,Patil Kitchen
1550,ROLLS DUNIYA
1551,Mamata dining hall
1552,Platinum Dragon Chinese
1553,Swa Varhadi Misal
1554,BETWEEN THE BUNS
1555,Indian Chinese
1556,Konkan Express
1557,Samudra-Seafood Special
1558,The Burger
1559,A1 OLYMPIA
1560,italian street
1561,night hungers hut
1562,Food Ka Mood
1563,Sapkal Foods
1564,Shakes +
1565,Hilton Chinese House
1566,The Waffle Jar
1567,Punekaranchi Misal
1568,The Chocolate Room
1569,Hotel Surya Biryani
1570,Burger King
1571,PK Biryani House (Kothrud)
1572,Multi Spice
1573,NASHTA BISHTA
1574,BIRYANI BADSHAH
1575,chefs pizza burger
1576,Anand Veg
1577,BALAJI BHEL AND FARSAN
1578,The Big Brown Bag
1579,Nation 52
1580,BOX8 - Desi Meals
1581,Cafe Eastwood
1582,Tara'sKitchenbranch2
1583,Shreeman
1584,Reshma Bhurji Center
1585,Sagy's chaapwala
1586,Relax Pure Veg
1587,Khichdi Experiment
1588,MOZZA
1589,Kuai Kitchen
1590,Residency Club
1591,BONBONNIERE PATISSEIRE AND BAKERY
1592,FOODLAND RESTAURANT
1593,Asia Kitchen by Mainland China
1594,German Bakery
1595,Mad House Grill
1596,Toscano
1597,cafe Madeline
1598,Panchvati @ Panchratna
1599,PUNE PLATERY
1600,Ahling Chinese Corner
1601,Nagpur Saoji Black Curry
1602,CAKE & MORE
1603,CHINGARI - Sheraton Grand
1604,VHC
1605,Sheraton - Marriott on Wheels
1606,Time After Time - The Central Park Hotel
1607,House Of Mandarin
1608,Savya Rasa
1609,Grandmama's Cafe
1610,Barbeque Nation
1611,Baraza Bars & Bites
1612,The Daily All Day Pune
1613,Tutto Bene
1614,Trattoria by Toscano
1615,Dhaba shaba veg bistro
1616,Boteco - Restaurante Brasileiro
1617,HOTEL AVANI BIRYANI
1618,Senoritas Mexican kitchen by Little Italy
1619,Prem's
1620,Largo Pizzeria
1621,Starbucks Coffee
1622,CONRAD PUNE
1623,Sante Spa Cuisine
1624,Masala Punjab
1625,Domino's Pizza
1626,Butter Brews - Koregaon Park
1627,Beetroot Bistro
1628,ZA'ATAR
1629,Brasserie Cinq
1630,Effingut
1631,Kwality Family Resto Bar(RAJA BHADHUR MILLS)
1632,Biryani Blast
1633,UNWIND
1634,Little Italy
1635,Mainland China
1636,Yonies pizza
1637,Theobroma
1638,Cafe@6
1639,Zen Cafe
1640,Malaka Spice
1641,YummyQ Italian Sizzlers
1642,The Green Court Pure Veg
1643,Chatpate Lovers
1644,ZAZA 22 Spice Biryani
1645,AK's Kitchen
1646,Soya Moya Chaap
1647,Kulcha Khao Ji
1648,Dakshinayam
1649,Hotel Chaitanya
1650,Kwality Walls Frozen Dessert and Ice Cream Shop
1651,Balwe's
1652,The Belgian Waffle Co.
1653,Bina s Bengali Kitchen
1654,Jaha's Biryani
1655,Mallavali Flavors
1656,KNIGHT RIDERS
1657,Cream bell
1658,The China Wok
1659,Cream Stone
1660,Daawat E Punjab
1661,Dollys Kitchen and Caterers
1662,Mom Noodles And Fast food
1663,CHINESE DRAGON
1664,Manbhavan Premium Thali Restaurant
1665,JACK MOMOS
1666,Punjabi Darbaar
1667,Sanskruti Hotel
1668,Burger King
1669,Momo Hut
1670,KFC
1671,Akshay Hotel
1672,McDonald's
1673,Biryani Art
1674,Zingaat Misal
1675,Jay Malhar Bhojanalay
1676,Sweet Truth - Cake and Desserts
1677,NIC Natural Ice Creams
1678,Ku kooch ku Uday Bhag
1679,Saffron Exotic Family Restaurant
1680,Hotel Spice Route
1681,Homely Food
1682,Al Sheeris Asli Heydrabadi biryani
1683,Biryani Wala
1684,Hot Darjeeling Momo
1685,KALYAN CHINESE CORNER
1686,Domino's Pizza
1687,ANNA DOSA POINT
1688,OM Chinese Center
1689,Delhi di kitchen
1690,Sham's Kitchen
1691,Kulcha From Amritsar
1692,kanchan Pure Veg
1693,Charmi family restaurant
1694,HOTEL RAJGAD
1695,Indian Masala House
1696,Mr. Manchurian
1697,Kerala Cochin Cafe
1698,Theobroma
1699,Flame On
1700,CRAVINGS CO. By THE CULT
1701,Cold Stone Creamery
1702,Bawarchi - Tadka Taste Ka!
1703,Satguru's Punjabi Rasoi
1704,Swad punjab da
1705,Sravs Kitchen
1706,Dhhyaas's Hyderabad Biryani Paradise
1707,Global Punjab
1708,Pizza Bytes
1709,SINDHI TADKA PUNE
1710,Grand Darbar
1711,Urban Dhaba
1712,Magnora
1713,Copper Chocs
1714,Punjabi Darbar Rasoi King
1715,Biryani Studio
1716,Mandarin Oak- The Heavenly Chinese
1717,TERITREE RESTAURANT
1718,Itminaan Biryani - Dum Pukht
1719,Haka
1720,The Chocolate Room
1721,CAKESTORY DESSERTS
1722,Hangout Cakes & More
1723,The Dessert Heaven
1724,Hotel Shivraj
1725,Aryan's Resto-N-Bar
1726,Natural Ice Cream
1727,TGI Fridays
1728,The Momo Panda
1729,Deccan Harvest
1730,Wah Marathi
1731,Gautam Kumar
1732,Punjabi Grill
1733,Barbeque Nation
1734,HUDAKITCHEN
1735,Reddy Hotel Tupe Corner
1736,Starbucks Coffee
1737,Prawnstastic
1738,Grameen Kulfi
1739,LeanCrust Pizza - ThinCrust Experts
1740,Kwality Family Rest O Bar
1741,Chef's Crazy Wok
1742,Swagat Family Restaurant and Bar
1743,the waffle jar
1744,JAGDAMBA RESTAURANT
1745,chakkna com
1746,Keto Nation
1747,Kimling XPS
1748,AFC
1749,om sai juice bar
1750,Pizza Hut
1751,Hotel Balwe's veg non
1752,ShakeZone
1753,Meals101
1754,The Crazy Cheesy
1755,Fun Spice
1756,THE KEBAB EXCHANGE
1757,Thali Central
1758,SAWJI BIRYANI HOUSE
1759,golden gate restaurant and bar
1760,Aroma's kitchen
1761,Hotel Suvarna
1762,Sidheshwar Foods
1763,Hotel  Avishkar
1764,Swad-E-Amritsar
1765,saishiv restaurant
1766,Oven Story Pizza
1767,PSP Wadewaale
1768,Foodiegram
1769,Hotel Aaisaheb Mutton Khanawal
1770,Behrouz Biryani
1771,EXPRESS BY AB'S
1772,Jagirdar Biryani
1773,ONLY SAMBAR
1774,The Good Bowl
1775,NIC Natural Ice Creams
1776,Behrouz Biryani
1777,Oven Story Pizza
1778,abhiruchi Gokul Restaurant
1779,Sweet Truth
1780,Hangout Family Restaurant
1781,Sumo's Kitchen
1782,CHINESE GULLY
1783,Chandni Garden Resto & Bar
1784,Omkar Restaurant
1785,VEERA DA DHABA
1786,RAJESHAHI THAAT
1787,Shinde Mama Biryani House
1788,Gourmet Ice Cream Cakes by Baskin Robbins
1789,Homely Touch
1790,Hotel Bholenath and Chinese Center
1791,Jalsa Biryani
1792,Hotel rooftop family restaurant
1793,The Biryani Life
1794,Domino's Pizza
1795,Global Punjab
1796,INDIAN SPICES
1797,McDonald's Gourmet Burger Collection
1798,PK Dum Biryani House
1799,Absolute Punjab
1800,K2H Meals
1801,Hotel Malhar
1802,Royal food
1803,BACHEETO
1804,YEWALE BIRYANI
1805,MEAL BOX
1806,Aappacha Shetmala Mutton Bhakri
1807,GANDHARV
1808,The Good Bowl
1809,Fly High
1810,Hotel Al-Zaika
1811,SLICES
1812,Biryani Bowl
1813,Paratha Envy
1814,Vedant Pure Veg
1815,Vyankis Eating Co.
1816,Sinhgad Fountain Veg - Nonveg
1817,Pizza Hut
1818,GARVAA BIRYANI
1819,SHIVRUDRA VADAPAAV
1820,RK'S Family Restro & Bar
1821,Purva s Cakes
1822,HOTEL SAI DARBAR
1823,HOTEL NILKAMAL
1824,WS Bakers
1825,AIRO HOTEL
1826,Pathan laziz biryani
1827,Ganga pure veg
1828,CAKE FACTORY
1829,Shivar Non Veg
1830,Relax Family Garden Resto Bar
1831,Green Field
1832,Prit's Kitchen
1833,RASSA MANDAL RESTAURANT
1834,Pailwaan Biryanis
1835,Mandarin Oak- The Heavenly Chinese
1836,THE LATE NIGHT BIRYANI
1837,LeanCrust Pizza - ThinCrust Experts
1838,Kokan Ratna Sea Food Special Hotel
1839,Faasos
1840,Hotel Lazeez
1841,Shreeji Pure Veg (Narhe)
1842,Grameen Kulfi
1843,NIC Natural Ice Creams
1844,Brahma Regency
1845,Kwality Walls Frozen Dessert and Ice Cream Shop
1846,Grameen Kulfi
1847,Swara's Cake Mania
1848,Tikhat Bikhat mini dabha
1849,Dakkhan Spice
1850,Hotel Kaveri
1851,CAFE FUSION9
1852,Behrouz Biryani
1853,Oven Story Pizza
1854,Andhra tiffins and biryani
1855,Itminaan Biryani - Dum Pukht
1856,Shruti resto and Bar(Ratnalok)
1857,BARBQ
1858,Homely Meals @69
1859,LeanCrust Pizza - ThinCrust Experts
1860,NH1 Bowls - Highway To North
1861,Saykar snacks And S.Kumar Wadevale
1862,Vishnu Caterers & Kerala Biriyani House
1863,Sangeeta Lunch Home
1864,Sandy's Khasiyat
1865,AB s-Absolute Barbecues
1866,Hotel Rajvardhan
1867,KEBAB BISTRO
1868,KGN Xprs (Pradhikaran)
1869,Pizza Hut
1870,Panhalgad
1871,Shahi Angare
1872,Shri Ashapuri Dining Hall
1873,NEW SHERE PUNJAB
1874,Khandeshi Katta
1875,Spice
1876,Christi Food Point
1877,Speeeeeza
1878,Domino's Pizza
1879,daCALORIES
1880,SLAY Coffee
1881,Biryani Express
1882,TEN 11 RESTO
1883,"Bird valley, Thermax chowk"
1884,Roll Point
1885,Hotel Silver Seven
1886,Dainostic Chinese Foods
1887,kitchen family restaurant
1888,Biryani House
1889,RK's Hydrabadi Biryani
1890,Swad Kitchen
1891,Mitwaa family Restaurant
1892,CREAMEO FOODIES
1893,REDDYS BIRAYANI DARBAR
1894,Arambha Hotel
1895,Healthy Waves
1896,Square pizza restaurant
1897,Gundam Katta
1898,SPD TANDOOR AND KEBABS
1899,Hotel Ashoka Regency
1900,ABHIS KITCHEN
1901,Angan Family Restaurant
1902,GHARGUTI MISAL CENTER
1903,PUNJAB DE NAAN AND PARATHE
1904,CHRISTY FOOD POINT
1905,SIZZLING CHINA
1906,Kanhaiya Veg Nonveg Restaurant
1907,HOTEL OM SAI RAM
1908,Hotel Shivneri
1909,PIZZA STOP
1910,Vedas
1911,Hotel New Pune Bar and Restaurant
1912,Radha Veg Non Veg
1913,Food Bengal Akurdi
1914,Mahadev Pure Veg Hotel
1915,AAMHI POHEKAR
1916,Barsana Family Restaurant
1917,Dakkhani Misal
1918,Kannu Ki Chai
1919,Fish N Chips
1920,Momo Lo Momo
1921,Chitale Bandhu Mithaiwale
1922,Delicious Biryani
1923,Baba Ramdev Dhaba
1924,Golden Rock
1925,Foodroot
1926,Shree Baba Ramdev Thal
1927,"De,Kriollo bakers"
1928,Deli Belly
1929,Hotel Pune Gate
1930,CHHUPE RUSTAM
1931,Hotel Shipra Restaurant & Bar
1932,Shiva Snacks Center
1933,Chef's Kitchen
1934,Wrappy Trappy
1935,Wow! Momo
1936,Mad Over Donuts
1937,JAY GANESH JUICE BAR AND ICECREAM PARLOUR
1938,MGS PIZZBURG
1939,Unique Biryani
1940,Mitran Da junction
1941,Kamini
1942,The pizza junction
1943,Pyar E Shawarma
1944,Dosti Pizza And Cafe
1945,McDonald's Gourmet Burger Collection
1946,Jumbo Belly Kitchen
1947,Nayab
1948,GANESH BHEL
1949,Shalimar Hotel
1950,PANINO CAFE
1951,Rohit Wadewale
1952,Swadisht Idli & Pavbhaji
1953,Manna Dosa Magic
1954,Sk's Biryani
1955,Schezwan Takda
1956,Aditya House
1957,Hotel Paradise
1958,SHRI MORYA MESS
1959,machli
1960,Hotel New Roshan
1961,Metro Nine Restro Bar
1962,Rasrang Veg
1963,Riwaayat
1964,CAFFIX ROLLS
1965,THE MOMO CO.
1966,RICH  O  CREAM
1967,Hotel Shravi
1968,Hotel Jai Balaji king of dosa
1969,THE BIG WOK
1970,THE DARK HORSE CAFE
1971,Hotel Samarth
1972,Hotel Jeevan
1973,Tumchya Sathi
1974,The Breakfast Story
1975,Biryani Bowl
1976,Panchshil cloud kitchen
1977,Non Veg Tadka
1978,Annapurna
1979,Potobachi Jatra
1980,Ruchita Mess/Hotel
1981,Golden Curry (Grand Emrald)
1982,Hot and Spicy Momos
1983,Tarkarli Mejwani
1984,Swami Kitchen
1985,Bay Leaf Bistro Hospitality PVT. LTD.
1986,Gilbert Brothers Kitchen
1987,Gharcha Swad
1988,GANGOTRI
1989,The Szechuan Shack
1990,NIC Natural Ice Creams
1991,Bombay Sandwich & Grill
1992,HIGHERS CAFE
1993,Hello Home (Veg)
1994,Kwality Walls Frozen Dessert and Ice Cream Shop
1995,KHATTA MEETHAA
1996,Grill Corner
1997,Abbas Cateters
1998,Shegaon Kachori
1999,Swadesh
2000,Hotel Sai Sagar Pure Veg
2001,Little Eats
2002,Tiranga (Pimpri)
2003,Taco Bell
2004,Home made snacks &Tiffin
2005,THE TASTY WOK
2006,Kings Restaurant And Chinese Food
2007,Street Foods By Punjab Grill
2008,Rajyog Wadewale
2009,Punjabi Chillies
2010,CHINA WALE
2011,Richards Chinese Corner
2012,Kalpvii Barbeque Operations
2013,Delight Veg - Non Veg
2014,McDonald's
2015,Hayat Biryani Factory
2016,INOX
2017,Feast Cafe and Lounge Spree Hotel
2018,Sant krupa Tea And Snaks Centre
2019,Izletes Pizza-Pimpri
2020,WONDER AROMA KITCHEN
2021,Sai Restaurant
2022,Gazania Foods
2023,Kavi Misal
2024,MUMBAI TADKA
2025,Cheesiano Pizza
2026,The Village
2027,Sagar Restaurant
2028,Domino's Pizza
2029,Dakshin
2030,Malashree pure veg
2031,Hotel Krushnai
2032,Rosso Bianco
2033,Punjaabi Zaika
2034,Meals Mania
2035,EAGLE BOYS PIZZERIA AND CAFE
2036,Cakesmith By Prabjot
2037,Barbeque Nation
2038,Little Italy
2039,Lakshminarayan Bhojanalai
2040,Lakshminarayan Kitchen
2041,MUMBAI ZAIKA
2042,Foodies Loves
2043,THE RDS SHAWARMA WITH CHINESE
2044,Varun Garden
2045,Maharaja Hotel
2046,Biryani Blast
2047,Salt Mango Tree
2048,EGG WAY
2049,Pratik Biryani House
2050,The Davangeri Benne (Loni) Dosa Hotel
2051,The Thick Shake Factory
2052,MEAL BOX
2053,cakes world
2054,Dilli di Rasoi
2055,Om Paratha House
2056,Chanakya
2057,Cafe Durga
2058,Tangelo Cafe
2059,DK BHEL
2060,Baker's zone
2061,SHRADDHA MUTTON KHANAWAL
2062,Hotel Maratha Darbar
2063,Mothers Canteen
2064,VAIJNATH VEG NONVEG HOTEL
2065,NH1 Bowls - Highway To North
2066,NEW POONA BAKERY
2067,Shree Pure Veg
2068,Malvan Samudra (Chinchwad)
2069,Hotel Dwarka
2070,HOTEL TRIMURTI
2071,SHANAYA KITCHEN
2072,Biryanibad
2073,Burger Forever
2074,Nakshatra
2075,Nasta House
2076,Mummy Ki Roti
2077,The Empire Restaurant
2078,Swami snack
2079,Paratha House & Food Plaza
2080,Sweet Bite
2081,Rajeshahi Biryani Restaurant
2082,Royal Castle
2083,MONGINIS CAKE SHOP
2084,Haldiram Sweets and Namkeen
2085,Momo & Co.
2086,Pathik Biryani House.
2087,Pardisse Biryani
2088,Sprinkles & sparkles
2089,Cake Celebration
2090,Royal Maharashtrian Biryanis
2091,ROYAL ANDAA BHURJI
2092,KANHA PURE VEG
2093,MAULI SNACKS AND JUICE CENTRE
2094,Sahil Family Resto Bar
2095,LeanCrust Pizza - ThinCrust Experts
2096,Sbarro - New York Pizza
2097,The Momo Co.
2098,Itminaan Biryani - Dum Pukht
2099,Hotel Jai Malhar
2100,Chitale Bandhu Mithaiwale
2101,Tha Magic Bottle
2102,The Bean Cafe and Pizza house
2103,Best Belgian Waffle - Pimpri
2104,Sheetal Refreshment
2105,MR EGG
2106,SWARAJ SOUTH INDIAN SNACKS CENTER
2107,Doubletree by Hilton
2108,HOTEL BADE MIYA CHOTE MIYA
2109,ZAZA 22 Spice Biryani
2110,Radha Krishna ( World of Veg)
2111,Fountain fast food (Ajmera)
2112,TAKHT - The Rooftop Lounge
2113,UBQ BY Barbeque Nation
2114,"POKKET CAFE,CHINCHWADGAON"
2115,APOORVA BAKE HOUSE AND KITCHEN
2116,Hotel Om raghav
2117,HOW'S THE BOWL
2118,Natural Ice Cream
2119,"Celebration (Ganesh , Pimpri)"
2120,Pradeep sweets
2121,Lotus Court
2122,Mauli Rasvanti
2123,Madina Caterers
2124,Khushi Maggi Point
2125,Amul icecream parlour
2126,Navabi khwahish
2127,Malwan samudra
2128,Vaishnu Hotel
2129,Let's Order Chinese
2130,Palette 'N' Whisk
2131,Hotel Shivshahi
2132,ZAAFRON KITCHEN
2133,Lai Bhari Laturkar
2134,GS Biryani
2135,Gharonda Veg Restaurant
2136,Chocolate Biclate
2137,Deewan-E-Biryani Kalewadi
2138,Wok n Roll Chinese
2139,Wrap N Roll
2140,Hotel Balaji Veg Non Veg
2141,Saffron
2142,Farmer's Kitchen
2143,Grameen Kulfi
2144,DHABA CURRY
2145,DESI HANDI
2146,Krishnankita Misal House
2147,New Hotel Ashoka Tree
2148,Tekchand Nasta House
2149,True Food Kitchen TFK
2150,sms german bakery
2151,Indian Curry
2152,Kannu Ki Chai
2153,Shree Mahalaxmi Foods
2154,FoodQuipo
2155,Waghere Yancha Ranmala
2156,KFC
2157,Homely Meals @69
2158,Royalisto Thickshakes
2159,Burger King
2160,Jivhala Chinese Corner
2161,Kunal Restaurant and Bar
2162,Subway
2163,Thee Thali Restaurant
2164,Pawars  kitchen wala
2165,BASILIO RESTAURANT
2166,Asia Seven
2167,BHOOKH LAGI
2168,Radha Soami
2169,Pizza Hut
2170,cafe chocolicious
2171,ROHIT SNACKS CENTER
2172,Salt n pepper catering services
2173,Rapchik Foods
2174,Shirish China Park
2175,Laziz Pizza
2176,Hotel Radhakrisha World of Veg
2177,SHAWARMA DARBAR
2178,Fat Panda
2179,indo chinese family restaurant
2180,Hotel Potbhar
2181,hotel famous
2182,JAYA KA PARATHA
2183,Kalras kitchen
2184,Dumpling House
2185,M.A.D CULTURE (MOMOS & DIMSUMS)
2186,The Daily Baker Cakes & Icecream
2187,Thakkar Dining Hall
2188,Reddy's Hyderabadi Biryani
2189,THE ONLY FALAFEL
2190,Azu
2191,The royal champaran meat house
2192,HEALTHY WEALTHY
2193,Hotel Radha Krishna World Of Veg
2194,Gourmet Ice cream Cakes by Baskin Robbins
2195,THE EGG CORNER
2196,GK'S ROLLS & BIRYANI
2197,Chinese Wok (Wok Express)
2198,Dhekar
2199,"Bird Valley, Shahu Nagar"
2200,Holiday Inn Express
2201,Srinivas Shegaon Kachori and Snacks Center
2202,EASY LIFE FOOD FACTORY
2203,Foodland
2204,Shree Ganesh Pure Veg
2205,Empire Garden
2206,A-1 Swaad Pani Puri
2207,Keventers Ice Creamery
2208, Chawadi (Thergon)
2209,The Clover Bar And Kitchen
2210,KOLHAPURI PAHUNCHAR
2211,RUPA'S BIRYANI HOUSE
2212,Kokan katta
2213,Kolhapuri Zanzanit Pahunchar
2214,Kgn Xprs (Chaphekar Chowk)
2215,Pushpanjali biryani house
2216,Hotel dhanashree
2217,Curry Boy
2218,Copper Chocs
2219,Hotel Athvan
2220,Shejwan Chinese Corner
2221,Pradeep Sweets
2222,Mithas
2223,New Ashoka Pure Veg
2224,Sweet Truth - Cake and Desserts
2225,Khana Khazana
2226,McDonald's
2227,RAMBHAU WADEWALE
2228,Infinity Pizzeria
2229,M N CHINESE CENTER
2230,Golden Chopsticx
2231,Bistro Nutrifood
2232,Masters Biryani N Grill
2233,KFC
2234,Theobroma
2235,Kwality Walls Frozen Dessert and Ice Cream Shop
2236,Shaolin
2237,Rhythm
2238,Arihant Hotel
2239,Apna Express Biryani
2240,Hotel Sandip veg non veg
2241,The Cottage
2242,Nosh
2243,Pizza Hut
2244,ZAZA 22 Spice Biryani
2245,Hotel Shivratna Garden
2246,Best Belgian Waffle
2247,Sachika's Kitchen
2248,NANANCHA DHABA
2249,Hotel Rajratna
2250,Hotel Kautik
2251,THE CUPCAKE ZONE
2252,Govind Garden
2253,Behrouz Biryani
2254,LeanCrust Pizza - ThinCrust Experts
2255,Hotel Hindavi Hande Misal
2256,The Meal House
2257,NAKSHATRA PURE VEG
2258,Domino's Pizza
2259,Shivam Tandoori Special
2260,Qabil-E-Tareef
2261,Shivar Garden
2262,HOMEMADE MAGIC
2263,18 Degrees Resto Rooftop Lounge
2264,Fly Curry
2265,healthyU
2266,Aabacha Dhaba
2267,K9 The Coast Line Dine & Wine
2268,Egg Planet
2269,MAD OVER CAKE CAFE
2270,Chicken lovers
2271,Fruitox 
2272,Hooked Seafood Restaurant
2273,FLAVOURS OF ANDHRA
2274,Barista
2275,Henry's fried chicken
2276,THE BOMBAY PAYA HOUSE
2277,Golden fried chicken
2278,GODAVARI RUCHULU
2279,Classic cakes
2280,N'tice Biryani Republic
2281,The Bengal Kitchen
2282,Delhi Darbar Husen Caterers
2283,Patni Litti Chokha
2284,Malaka Spice
2285,VISHWA BIRYANI
2286,Maharashtrian Aswad
2287,Chilimili
2288,The Chinese Kitchen
2289,The Good Bowl
2290,Chavishta Katta
2291,N'tice
2292,Sasarwadi Mutton Khanawal
2293,Hotel Poona Veg-Non Veg Restaurant
2294,Biryani Trip
2295,Aryan and aditya foods
2296,MAHARAJA TEA AND NASHTA HOUSE
2297,Swagath Family Restaurant
2298,INDIANA CAKE AND DESSERT
2299,aman biryani
2300,CALCUTTA SPECIAL BIRYANI
2301,Anvi Ki Rasoi
2302,Pizza Heritage
2303,Siddhivinayak A1
2304,Icy Blast
2305,Aroma's Hyderabad House
2306,Regal Biryani
2307,Amrita Veg Non-veg
2308,Sawji Hotel
2309,KARMA KITCHEN PUNE
2310,Mr. Chinese Corner
2311,Bird Valley
2312,ATHASREE FOODS
2313,JGs coldpanipuri and veg
2314,Bullet Biryani
2315,Bay Leaf Bistro
2316,Magnum Opus
2317,Won China
2318,McDonald's Gourmet Burger Collection
2319,MOMO MONK
2320,HOTEL NISARG MISAL HOUSE
2321,Tava The Food Junction
2322,Rangla Punjab - Pimple Saudagar
2323,Charcoal Eats - Biryani & Beyond
2324,NANDUS SCHEZWAN SHACK
2325,Natural Ice Cream
2326,Oven Story Pizza
2327,Pizza MeRRANO
2328,Kimling Rush
2329,Crystal Hut Q Bar & Restaurant
2330,Banarasi Chatkara
2331,RadhaKrishna veg cuisine(pimple saudagar)
2332,Behrouz Biryani
2333,Faasos
2334,Venky's Xprs (Sinhagad Road)
2335,Subway
2336,Ankur Biryanis
2337,The Good Bowl
2338,Swadist Bite - Healthy Bakery
2339,Cafe burgerstory
2340,CAFE JUST FOR YOU
2341,VKN Delicious
2342,Pizza & Soup
2343,Latur Corner
2344,Modern Sweets
2345,The Food Villa
2346,SWAD PARATHA HOUSE
2347,CAFERIYA
2348,THE SANDWICH STORY
2349,Maharaja Biryani
2350, Sandwich Junction
2351,Natural Ice Cream
2352,Hotel Borul Atithi
2353,Granny's Cuisine
2354,Thalipeeth Express
2355,THE PIZZA BOX
2356,Jagdambaa Dinning Hall
2357,New Natraj
2358,Welcome to Khaugali
2359,Raj Darbar Veg & Non Veg Restaurant
2360,Lassi Wassi
2361,Chul Dum Biryani
2362,Pizza paradise
2363,Yummy Parathas
2364,COMBOMAN
2365,Tawa Street
2366,EatIt Cafe
2367,Firangi Bake
2368,Cafe Chocolicious
2369,Sweet Truth - Cake and Desserts
2370,KALANDINI CHINESE
2371,Subhanallah Biryani House
2372,McCafe by McDonald's
2373,China House
2374,Hari om juice bar
2375,Meal-o-clock
2376,Satkar Rice Plate House
2377,De Dhakkaa Kolhapuri Misal
2378,The Biryani Life
2379,The Belgian Waffle Co.
2380,LunchBox
2381,Royal darbar kitchen
2382,Baskin Robbins
2383,Krishna Bikaner and dry fruits
2384,Biryani Depot
2385,Cafe Durga
2386,Babar Dosa & Fastfood Center
2387,The Veg Culture
2388,cravings street
2389,Hotel Nimantran Pure Veg
2390,Ganesh Bhel
2391,MALJIS SAIBA FARSAN BHELPURI CENTER
2392,S.P. Crazy Cafe And Fast Food
2393,Shree Krushna Wade wale
2394,Bread Bash
2395,Sunshine Enterprises
2396,Rolls Mania
2397,The Green Roof
2398,Gaon jevan
2399,Rishi's Biryani
2400,Khatri Bandhu Pot Ice Cream
2401,Pride Kitchen's Hyderabadi Biryani
2402,Lazzetti
2403,Cafe Freddo
2404,Fresh burger
2405,S KUMAR WADEWALE
2406,DURGA CHINESE
2407,Dwarka Pure Veg
2408,Olive Plato
2409,Domino's Pizza
2410,Mast & Fast Snacks Center
2411,The Momo King
2412,Shetkari Nonveg
2413,KGN Xprs
2414,EGGIZ
2415,ZINGY MOMOS
2416,Royal Darbar
2417,Brahma Garden
2418,Royal Darbar Birayani House
2419,ARs AREBIAN SHAWARMA
2420,Magical Black
2421,AK Biryani House
2422,New Kalyan Bhel
2423,Healthycious
2424,CRAZY CHEESY ( SIHAGAD ROAD)
2425,REGAL PAVBHAJI
2426,The Chinese Food
2427,Reddys  Biryani
2428,Vishnuji Ki Rasoi
2429,Chaat Cafe
2430,Mayra's Kitchen
2431,King of Burger
2432,Kwality Walls Frozen Dessert and Ice Cream Shop
2433,Italian Hut
2434,Purnagiri Biryani House 
2435,SAKSHAR BAKERY
2436,The King Shawarma
2437,SJ KITCHENS
2438,Best Belgian Waffle
2439,Momos Junction
2440,Mankar Dosa Centre
2441,Kaka Halwai
2442,BIRD VALLEY
2443,Chota Bite by Cafe Goodluck
2444,Masala Mantra
2445,Omkar Poli Bhaji Kendra
2446,Shree Snacks & Cafe
2447,Ranmala Agro
2448,Joshis Food Corner
2449,The Rice Rascals
2450,Pizza expert
2451,Chav Assal Khandeshi
2452,AK Caterers & Biryani House
2453,Tanmayshree
2454,TULJAI KHANAVAL ( VEG NONVEG )
2455,Desi Shakes By KB
2456,LKD | La Kheer Deli
2457,REHMAN FOODS
2458,SAM MANKAR DOSA
2459,Maurya Multi Cuisine Family Restaurant and Bar
2460,Shorba Family Restaurant
2461,Exotic Chinese
2462,McDonald's Gourmet Burger Collection
2463,Sudama's Misal House
2464,Shanti Swayampakghar
2465,Berojgar Engineers Cafe
2466,Pizza n momos cafe
2467,Rasana Snacks
2468,Shaandaar veg non veg
2469,Caramellas Cake Shop Navi Peth
2470,Danka
2471,The Momo Panda
2472,Samruddhi Restaurant
2473,Monginis
2474,Thorats baarbeque Misal Pavbhaji
2475,McDonald's
2476,Madhav's Katta
2477,SNEHAS KITCHEN
2478,SAADGI VEG NONVEG
2479,cafe Magic of Taste
2480,AMMA PAKODA
2481,Roll Xpress
2482,Deep Roll & Bhurji Centre
2483,Mircho Misal
2484,Katakirrr Misal
2485,THE LITTLE PUNJAB
2486,Riva Gourmet Under The Sky
2487,The Cake's Basket
2488,SAI SANDWICH
2489,SINHGAD FRUIT CENTER
2490,P R ROLLS HOUSE
2491,CUK NUK 24
2492,Pure Veg Meals by Lunchbox
2493,BRAVO MOMO
2494,RASOI
2495,K B C
2496,Imran's Shahi Hydrabadi Dum Biryani
2497,Mandarin Oak- The Heavenly Chinese
2498,HASHTAG CHINESE
2499,House Of Meals & Paratha
2500,Cafe Central\t
2501,Gourmet Ice Cream Cakes by Baskin Robbins
2502,MEENAKSHI GARDEN VEG AND NON-VEG RESTAURANT
2503,Heisenberg burgers
2504,House of Chole Bhature And Parathas
2505,Food Signal
2506,AK'S BIRYANI HOUSE
2507,The Juicy Hub
2508,Hotel Hariom
2509,SLAY Coffee
2510,Yummy Stories
2511,Hotel Dragon
2512,BIRYANII HUT
2513,Sandwich Hut
2514,Bake House Cake & More
2515,Royal darbar food junction
2516,Rajmandir Ice Cream
2517,Iya's Sushi
2518,One Way Paratha
2519,CULTURE BIRYANI AND GRILL
2520,New Manasi Malai Gola
2521,Anandi Dining Hall
2522,Ganesh Matki Bhel Centre
2523,Oven Story Pizza
2524,Open Window Cakes
2525,Mr.Idli
2526,Friendship Corner
2527,Soaham Dining Hall and Food Zone
2528,Tien
2529,Monginis
2530,Sainath Khanawal
2531,Icekraft
2532,The hungry Chinese
2533,snack-o-holic
2534,The Chinese Hub
2535,Ganpat sweets
2536,Cafe Brewing Italiana
2537,Bhavya Garden
2538,Al mizan Biryani house
2539,Kwality Walls Frozen Dessert and Ice Cream Shop
2540,Hotel Subhadraa 
2541,Hotel Atithi Pure Veg
2542,Kreamery
2543,Maharaja Wada
2544,CAKESHAHI
2545,Amrapali Restaurant & Bar
2546,Keventers Ice Creamery
2547,Jamshed food
2548,KOD - King of Desserts And Waffles
2549,Galaxy - Orbett Hotel
2550,Shraavan Restaurant
2551,Ghar ka Swad
2552,Chaitanya Paranthas
2553,The Dessert Heaven
2554,NEW NEETA VEG AND NONVEG
2555,Lababdaries
2556,KFC
2557,Burger King
2558,Katakirrr Misal
2559,Sweet Bengal
2560,TGI Fridays
2561,World of Veg
2562,harvest club
2563,Wadeshwar(Law college road)
2564,Shubham Pure Veg
2565,Marrakesh
2566,THE SOUL BOWL - Health Food Kitchen
2567,FC Grill House
2568,Cornish kitchen
2569,THE STREET ROLLS
2570,Eden Court Restaurant & Bar
2571,Skol
2572,Le Plaisir
2573,Tandoori Pizza
2574,McDonald's
2575,Theobroma
2576,PALLAVI PURE VEG
2577,Hotel Ratna
2578,Tutto Bene
2579,THE PIZZA BOX
2580,Wich Wich
2581,Haka
2582,Shiroz Bistro
2583,Piazza pizza by Little Italy
2584,The Biryani Box
2585,Mathura Pure Veg
2586,Pizza Hut
2587,Kok Pa Chinese
2588,APNI INDIAN RASOI
2589,RAMKRUSHNA RAJASTHANI THALI
2590,Sarovar Restaurant & Bar
2591,SWAMEE VEGETARIANs
2592,House of Paratha
2593,Sukanta
2594,Burger 69 & More
2595,Niranjan Veg Restaurant
2596,The Vegetable - FC Road
2597,Mauji
2598,Dragon
2599,Roopali Restaurant - FC Road
2600,Pop Tate's
2601,Dhaba Estd 1986 Delhi
2602,Tales & Spirits
2603,Mad Over Donuts
2604,Wah Punjab
2605,Bowl Eat up
2606,Royal Chaat
2607,London Dairy
2608,SAILILA LUNCH HOME
2609,Fountain Family Rest O Bar
2610,Satwik Dining Hall
2611,Cafe Kathaa
2612,Khichdi Express
2613,HOT KATHI ROLLS
2614,The Betel Leaf - Paan and Desserts
2615,Happy Family Restaurant
2616,Govinda
2617,Oriental Fusion Restaurant - Ramee Grand Hotel
2618,The Belgian Waffle Co.
2619,Subway
2620,Gulp
2621,BOSS Burger
2622,Harshu Veg
2623,Ku-Kooch-Ku
2624,Smoke House Deli
2625,UBQ by Barbeque Nation
2626,Vrudheshwar Pure Veg
2627,Amhi Kolhapuri
2628,Sk Fast Food
2629,CASA  BLANCA
2630,WAGH BAKRI TEA LOUNGE
2631,Hotel Rassa Jagtap Dining Hall
2632,Housefull Paratha
2633,Ganesh Bhel-shivajinagar
2634,Kollage Food Court
2635,Ishan Pure Veg
2636,FC Road Social
2637,Vaibhav's- Biryani House
2638,PK Biryani House (Deccan)
2639,Spring Onion
2640,KWALITY Family resto Bar
2641,Little Italy
2642,The Hideout Kitchen
2643,THE LOCAL VEG
2644,Barbeque Nation
2645,JAI KAILASH DAIRY
2646,LKD | La Kheer Deli
2647,"Havmor Ice Cream,JM Road"
2648,Milan Restaurant & Chinese Center
2649,Symphony
2650,APTEZ CAFE
2651,Vaibhav Restaurant
2652,MRIGAYA - PUKHT BIRYANI AND MANDI
2653,Cafe Madeline
2654,Sharvaree Restaurant
2655,Barista
2656,BONZER PIZZA
2657,Red chinese and momos
2658,Coffee Nation
2659,Vadilal Ice Cream
2660,Made in china
2661,The Momo Miya
2662,Mahabaleshwar Berry Bash
2663,Surve's Pure Non-Veg
2664,The Nourish House
2665,Spice kitchen  JW Marriott Pune
2666,Hyderabadi Biryani
2667,Kwality Family Resto Bar(Rahul Cinemas)
2668,Bamboo House
2669,CakeZone
2670,Asia Kitchen By Mainland China
2671,Spicy Biryani House
2672,Khatri Bandhu Pot Ice-Cream & Mastani
2673,Janseva Bhojanalaya
2674,NIGHT BIRYANI
2675,Mauli Family Paan House
2676,Dairy Don
2677,BOGAWAT BHUVAN
2678,The Cake & Cream Factory
2679,Domino's Pizza
2680,Banglore Iyanger Bakery
2681,Yolkshire
2682,PAKODA N FALUDA CAFE
2683,Cafe Peter
2684,Munchieez
2685,Surmay
2686,Top In Town
2687,Swagat Veg Non Veg
2688,Green Signal.
2689,NOTO - Healthy Ice Cream
2690,Hakuna Matata
2691,Chai Ya Coffee?
2692,Panchali Restaurant
2693,Shree Krishna Juice Bar
2694,Cocoa Patisserie & Bakery
2695,Baker's Basket
2696,The Golden Samosa
2697,German Bakery Wunderbar
2698,BreakFast
2699,Desiano - JW Marriott
2700,Hotel Shreyas
2701,Rajmandir Ice Cream
2702,KANNU KI CHAI
2703,MORESHWAR FOODEE CORNER
2704,SWAD BIRYANI
2705,TERRASINNE FOOD CORP.LLP
2706,Keventers - Milkshakes and Desserts
2707,HOTAL SHIVSHAHI
2708,The MOMO'S Point
2709,Shahji's Paratha
2710,Pizza hut Express
2711,T3M Cafe & Bar
2712,Sampan
2713,Krishna Dining
2714,Malhar Khanaval
2715,Momo's king
2716,Italy Via Punjab
2717,Aishwarya Veg Non Veg
2718,Honey Cane
2719,Chocolate Biclate
2720,Krishna Chaya
2721,Chitale Bandhu Mithaiwale
2722,Udupi swada
2723,E- SQUARE THE FERN
2724,Amhi Kolhapuri - Shivajinagar Canteen 
2725,Skoop Ice Cream Parlour
2726,Suryama - Hotel Raviraj
2727,KIRTI
2728,CHINESE PARADISE
2729,Millie's Cookies 
2730,The Deccan Spice Restaurant
2731,Super smash burgers
2732,The Sea Secret
2733,High Garden
2734,McDonald's Gourmet Burger Collection
2735,The Fish Thali
2736,Madina Hotel
2737,The Flame Burger
2738,Speedy Chow-Fast Asian Eating
2739,SHOBHA KHANAVALI
2740,Amrapali
2741,NH 37 Dhaba
2742,Eathome
2743,chill & chilli cafe
2744,Senoritas Mexican kitchen by Little Italy
2745,Culture Express
2746,Prajwal Caterers
2747,Maharaja Bhog
2748,Venky's Xprs (Shivaji Nagar)
2749,The Chocolate Room
2750,Om Sadguru Snacks Center
2751,Chaha Sobat
2752,Empress Of China
2753,Supreme Snacks
2754,Poona Guest House
2755,Punjabi Spices
2756,Frozen Bottle
2757,PVR Cafe
2758,Noodles & Co
2759,Shree Food Suppliers
2760,Starbucks Coffee
2761,Aasing's Kitchen
2762,Yash Regency - Dark Kitchen
2763,Baskin Robbins
2764,Turkish Delight
2765,Natural Ice Cream
2766,ZAZA 22 Spice Biryani
2767,The Deccan Bid Capital
2768,NH1 Bowls - Highway To North
2769,Bebe Di Rasoi - Punjabi
2770,LeanCrust Pizza - ThinCrust Experts
2771,Cafe Delhi Heights
2772,BAKERS MAGIC THE NATURAL BAKERY
2773,Itminaan Biryani - Dum Pukht
2774,Hindvi Swarj A Sorma Chicken
2775,WS Bakers
2776,Baba Food Mall
2777,Smokin' Joe's
2778,Nina Pinta Santamaria
2779,Zippyfeed
2780,Shree Sai Veg Non-Veg Restaurant
2781,Horn OK Please
2782,Mainland China
2783,Sabores European Bistro
2784,BOL BABY BOWL
2785,Kekiz The Cake Shop
2786,Nikita Snacks Centre
2787,McDonald's
2788,MADHUR PURE VEG
2789,Swa Varhadi MIsal
2790,BABA HOT MOMO CHINESE EGGS & ROLLS
2791,36 CHINA TOWN
2792,Hotel Ashray
2793,Pizza Ville
2794,Aarz Restaurant
2795,Peppino
2796,Saba Traders
2797,Capers Kitchen
2798,New Kaveri Restaurant & Bar
2799,Naivedyam
2800,KFC
2801,Masemari - The Fishing
2802,Bhavnagari Sweets
2803,The Cake & Cream Factory
2804,Hotel Yatrik
2805,SURAS DINING HALL
2806,HOTEL PADMAWATI
2807,The Fish Kitchen
2808,Mh 12 Biryani House
2809,Aamhi Pohekar
2810,Gaurav Biryani House
2811,Laa Unico
2812,Kiga Ice Cream
2813,Baskin Robbins
2814,City Plaza
2815,Buns King
2816,Behrouz Biryani
2817,Chitale Ice Cream
2818,Gavkari
2819,Domino's Pizza
2820,Shahji's Parantha House (Laxmi Road)
2821,Shree Kala - Aaba Misalwale
2822,Deelasa Chinese Fast Food
2823,FISH CURRY RICE
2824,Sri Murlidhar Veg Thali
2825,Chinese Wok (Wok Express)
2826,SP's Biryani House
2827,Akshay Lunch Home
2828,McDonald's Gourmet Burger Collection
2829,Khadadi
2830,Firangi Bake
2831,New Apurwai Non Veg
2832,Gourmet Ice Cream Cakes by Baskin Robbins
2833,Malhar Assal Kolhapuri
2834,King of chinese
2835,Krishna Bhel Panipuri
2836,Hotel Malwani Solkadi
2837,THE HUNGRY HIPPIE
2838,Crazy Cheesy
2839,Tiranga Budhwar peth (Main Branch)
2840,SAHANA VEG RESTAURANT
2841,RASPURTI
2842,La Cherie Cheesecake
2843,Chinese Katta
2844,Moms Kitchen
2845,Chitale Bandhu Mithaiwale
2846,KEKIZ THE CAKE SHOP
2847,Sambar Pure Veg
2848,Lassi Magic
2849,aware Maratha khanawal
2850,Zhatkan Patkan Rasoi
2851,Sweet Truth - Cake and Desserts
2852,Jay Ganesh Sabudana Vada
2853,Oven Story Pizza
2854,Gokul Chinese
2855,The Good Bowl
2856,Martand Misal & Special Tea
2857,Smokin' Joe's
2858,Chinese Room
2859,Nanumal Bhojraj Sweets
2860,Copper Chocs
2861,The Habit
2862,Natural Ice Cream
2863,The Veg Culture
2864,PK Biryani House (Swargate)
2865,Jija Pure Veg
2866,Royal maharashtrian Biryanis
2867,GSB Kitchen
2868,Top N Town
2869,New Kokani Tadka
2870,Monginis Cake Shop
2871,Surve's Pure Non-Veg
2872,Rayalaseema reddys restaurant
2873,Mummy's Kitchen
2874,Santa Banta On Wheels
2875,Snack In Alley
2876,Spring Onion
2877,Aroma's Hyderabad House(Viman Nagar)
2878,Kathi King
2879,Subway
2880,Uncle's Chinese
2881,THE CURRY HUB
2882,Chili's American Grill & Bar
2883,Five Fingers
2884,Lil Bite Of Heaven
2885,SMOKE AND MUNCH
2886,MAMA BIRYANI BY REDDYS
2887,Pizza Loca
2888,THE SHAWARMA JUNTION
2889,Marfa Biryani
2890,Natural Ice Cream
2891,THE PASTERY COMPANY
2892,Dragon Fortune Bistro
2893,The Good Bowl
2894,House of Cake
2895,The Cake Frosting
2896,Pure Veg Meals by Lunchbox
2897,Pedro's Kitchen
2898,SLAY Coffee
2899,PK PARATHA HOUSE
2900,21 Central Park
2901,Fatso Fried Chicken
2902,THE BIRYANI TOWN
2903,Nourishyam - The Green Chef
2904,Khichdi Central
2905,MAHADEV HOTEL & RESTAURANT
2906,New Naaz Caterers Biryani House
2907,Chicken Xperience By Venky'S
2908,Lai Bhari Mutton Bhakari
2909,Deewan-E-Biryani - Viman Nagar
2910,Mekong Folks
2911,Vaishnavi Litti Bhandar
2912,Panjabi pin
2913,KFC
2914,THE WRAPS JUNCTION
2915,Slice of Soul (S.O.S.)
2916,Philly Fried Chicken
2917,Al-Hifazat Kabab's & Caterers
2918,Chang's
2919,Cheesy Pizza House
2920,Nizam E Zayeka
2921,Nothing But Chicken
2922,THE CAKE COMPANY
2923,Night Option
2924,THE CURRY COMPANY
2925,Brawny Food Company
2926,Le Porcini
2927,The Biryani Life
2928,Biryani Blast
2929,Shri Balaji Chinese
2930,BIRYANI BADSHAH
2931,Sharmas Food
2932,The Mughal Biryani
2933,The Western Grill and Biryani
2934,THE GIANT PANDA NOODLES
2935,Indian Masala Tadka
2936,JEET DA AMRITSARI DHABA
2937,Mr Hakka
2938,Lazeez by Hyderabadi Delicacies
2939,Love In Cake
2940,Cake Glory
2941,The Paradise Of Cake
2942,Green Salad Company
2943,Grace Divine
2944,Rollskart
2945,Cake-O-Cake
2946,The Cake Nest
2947,AROMA'S BIRYANI BY REDDYS
2948,Chow Mein & Co.
2949,Tales & Spirits Hunters Bistro
2950,Gourmet Ice Cream Cakes by Baskin Robbins
2951,Circle of Crust
2952,Cake Crush
2953,The Munchies Box
2954,Degchi Biryani
2955,Curry Magic
2956,Sweet Truth - Cake and Desserts
2957,pizza cravers
2958,HALF N HALF PIZZA
2959,SHAHIN TASTY FOODS
2960,HOTEL JAGDAMBA NONVEG
2961,Delhi Ki Parantha Gali
2962,Behrouz Biryani
2963,Copper Chocs
2964,Oven Story Pizza
2965,Smoke House Deli
2966,1st Story-Four Point By Sheraton
2967,China Grill Express
2968,URBAN DARBAR
2969,KANHA PURE VEG
2970,Theobroma
2971,REDDYS RESTAURANT TANDOORI
2972,Ridhika Chinese Center
2973,KEBAB STORY
2974,The Urban Chinese
2975,Rasika Pure Veg Restaurant
2976,Largo Pizzeria
2977,HYDERABADI BIRYANI
2978,Bullet Biryani
2979,SWAD THE REAL TASTE
2980,Night light kitchen
2981,The Northern Frontier
2982,YouMee
2983,Santosh Biryani House
2984,Momo Monk
2985,ProCaF
2986,PAMPERED TASTE
2987,Spatzle Bistro
2988,Achlas Bawarchi Biryani
2989,Moltobene
2990,Chulbul Dhaba
2991,BIRYANI CHEF BY REDDYS
2992,Biryani Trip
2993,Gurukrupa Paratha's (Since 1985)
2994,Perks N Brews
2995,SULTAN'S BIRYANI AND KEBAB
2996,Hotel Malabar
2997,Burger 11
2998,SANKET PURE VEG
2999,Visawa
3000,Amigo Bakers
3001,Sai Zaika Restaurant
3002,MAHARASHTRAN TADKA
3003,Baba Hotel
3004,Hotel Banana Leaf
3005,Chai Point
3006,HOTEL PUBLIC PLACE
3007,Torana Misal
3008,SAMRUDDHI FOOD JUNCTION
3009,The Ritz-Carlton Pune
3010,The Momo Box
3011,BREAKFAST & LUNCH BOX
3012,Pizza Hut
3013,BANI FOOD SHOP
3014,Freshscape
3015,Good News Dhaba
3016,PUNJAB TADKA
3017,New Reddy's Restaurant
3018,Uncle's Kitchen.
3019,SWADKASWAG
3020,Hotel Samai Palace
3021,Ovee Lunch Home
3022,Noorani Darbar Catering Service
3023,Mad Momos
3024,Punjabi Dhaba
3025,Aapullki Veg
3026,Chitale Bandhu Mithaiwale
3027,BREAKFAST & LUNCH HOUSE
3028,Hangout Cakes & More
3029,IndoriRaj-The Taste Of Malwa
3030,Yashda Restaurant
3031,Fresh cakes
3032,Domino's Pizza
3033,Shivdahba
3034,Kshanbhar Vishranti
3035,Singh Dhaba
3036,Good Luck Chineese
3037,Gharch Jevan Bhojnalay
3038,Shaan E Punjab
3039,Tasty Chinese
3040,Indian Breakfast
3041,THE UNIQUE MILKSHAKE PARLOUR
3042,Raj Sadar Family Restaurant
3043,Mad Over Cakes
3044,Hotel Shalimar.
3045,Pradnya Veg Nonveg
3046,Mandarin Oak- The Heavenly Chinese
3047,RUSH Inn Restaurant
3048,Ketokiyo
3049,Engineer's Katta
3050,Food 24/7
3051,Nirvana pure Veg
3052,EGGS PRESS
3053,LeanCrust Pizza - ThinCrust Experts
3054,Ranwara Family Restaurant
3055,Chaat Chatore
3056,Grameen Kulfi
3057,Itminaan Biryani - Dum Pukht
3058,THE HANGGOUT
3059,Eggster Corner
3060,Hotel Ranwara
3061,KGN Xprs (Wagholi)
3062,The Good Bowl
3063,HEALTHY MEAL BOX
3064,Delicious Bites
3065,Cake Bake
3066,Domino's Pizza
3067,ZAZA 22 Spice Biryani
3068,Dhanashree's Punjabi Spice
3069,Lehza Veg Divine
3070,Hungry Monkey
3071,Guru Snacks
3072,Hotel Samruddhi
3073,Good Food Kitchen
3074,Taste of Maharashtra
3075,The Biryani Life
3076,Easta Cafe
3077,FOOD MANTRA PURE VEG RESTAURANT
3078,Green 9 Restaurant
3079,SLAY Coffee
3080,The Chinese culture
3081,DELHI DARBAR
3082,Gourmet Ice Cream Cakes by Baskin Robbins
3083,Hotel kanchan shivar
3084,EKACH PELA
3085,Jain Sweets and kitchen
3086,RSB QUALITY
3087,The paratha house
3088,CHING'S  CHOWMEIN
3089,Cake Galaxy
3090,Bhaji poli center
3091,Shreenath Snacks and juice
3092,Bahar Biryani Cafe
3093,Dilbaro -Pure Veg
3094,Punjabi Non Veg
3095,Mughal Biryani
3096,EGGS TWIST
3097,Hotel Tora Tora
3098,Baba dosa center and Snacks
3099,Hot Box Pizzeria
3100,Southie Sambar
3101,THE TIGER MOMOS
3102,J J CHAINESE CORNER
3103,CHINESE CASTLE
3104,Reddy Express And Biryani
3105,EGGS FUNDA
3106,The Brooklyn Creamery - Healthy Ice Cream
3107,Momoland
3108,HOTEL SWAD MAHARASHTRACHA
3109,Hotel Chatrapati
3110,Pizza Hut
3111,Roll Kings
3112,Sweet Truth - Cake and Desserts
3113,Oven Story Pizza
3114,Natural Ice Cream
3115,KKS KITCHEN
3116,McDonald's Gourmet Burger Collection
3117,Behrouz Biryani
3118,Caffe & Te - All Day Cafe
3119,Joshi Wadewale
3120,Kitchen24x7
3121,Hotel Fish Land
3122,Master Chef.
3123,Burger King
3124,Morya tiffin service
3125,Malabar
3126,Shangri-La Kamalbaug
3127,Hotel Sarthak
3128,Hollywood Pizza
3129,Kamat Non Veg
3130,Al-Zaika
3131,Baskin Robbins
3132,Biryani King
3133,THE ROYAL LUCKNOWI
3134,Gavran Thaska
3135,Hotel Sunrup
3136,Rangla Punjab - Vishal Nagar
3137,s l j iyangar bekary
3138,LeanCrust Pizza - ThinCrust Experts
3139,Good Fettle - Healthy Ice Cream
3140,IBeanS
3141,CnP House - Chicken and Paratha
3142,CHINESE & BARBECUE
3143,Behrouz Biryani
3144,CAFE COLD BREW
3145,Zestylian
3146,Sk's Biryani House
3147,Shiv malhar wadewale and snack center
3148,The Dessert Heaven
3149,ZAZA 22 Spice Biryani
3150,JOES KITCHEN
3151,Puneri swad
3152,Momentt Enrise By Sayaji
3153,Flute
3154,spice alley
3155,Pizza Hut
3156,Chaayos Chai+Snacks=Relax
3157,Ching Chong Asian
3158,Hotel Super Shriraj
3159,Royal Orbit Blue Family Restaurant
3160,Mandarin Oak- The Heavenly Chinese
3161,Aditya Ice cream Parlor
3162,Chinese point
3163,DESI CHINESE
3164,Domino's Pizza
3165,Global Punjab
3166,Jai mahadev dinning hall
3167,La pino'z pizza
3168,Kanaka Durga
3169,KAIT
3170,Biryani Junction
3171,ZIPPYFEED
3172,HOTEL APNA ADDA
3173,McDonald's Gourmet Burger Collection
3174,Chinese Chef Co
3175,Badshahs Of BIRYANI
3176,HOTEL RANGOLI FAMILY DHABA PURE VEG
3177,PORTICO & TURQUE
3178,HOTEL SHIVNERI
3179,Pind Da Swad
3180,Royal Burgerio
3181,Jagdamba
3182,PUNE'S ROYAL
3183,Highground Restaurant & Bar
3184,DUM BIRYANI COMPANY
3185,Dawat E Khas ( Biryani and More.. )
3186,Hello Hotel Kolkata
3187,The Regent Veg Restaurant
3188,Sprinkling Spices
3189,CHINESE SHACK
3190,Royal Lotus Pure Veg Restaurant
3191,Omaha Veg
3192,Largo Pizzeria
3193,TREIZE PIZZA CAFFE
3194,Copa Cabana
3195,Food Bengal
3196,DIAMOND CAKE SHOP
3197,Siilver Spoon
3198,Biryani Gowda
3199,Annapurna Pure Veg
3200,Hotel Ashirwad
3201,HOTEL TRUPTI VEG & NONVEG
3202,M Factory
3203,THE ASIAN BITES
3204,Pet Pooja
3205,Chandani Chowk Wale Paranthe
3206,NIC Natural Ice Creams
3207,Hotel Red Chilly
3208,URBAN CHINESE FOOD
3209,MOMO and CO.
3210,Crazy Noodles
3211,Malvan Samudra
3212,CHINESE BABA
3213,Kouzina Kafe - The Food Court
3214,Sigdi
3215,Rose Wood
3216,Hotel Om Annapurna
3217,Foodroot EasyBite
3218,Oaramehas Cake Shop
3219,THE QUALITY BITES
3220,Kakke Da Paratha (Wakad)
3221,Jagdamb Juice Bar
3222,Fresh Cream Factory
3223,HOTEL HARSHA
3224,Namah
3225,Bhairavi
3226,Diwine Memories Hotel
3227,Pradeep Sweets
3228,La panino
3229,DURGA VEG RESTAURANT
3230,SALAD MATRIX
3231,CAFFEINATOR
3232,The Biryani Life
3233,Diet N Bite
3234,Malhar Hotel
3235,MARATHA KITCHEN
3236,Bhajan Singh's
3237,The Momo Factory
3238,Kiran Restaurant and Bar
3239,Barbeque Nation
3240,Delhi Zaika
3241,Happy Kitchen
3242,Grameen Kulfi
3243,Bundelkhandi Swad
3244,Fish On Dish
3245,MIRA VEGETARIAN
3246,Biryani Trip
3247,Chairs up Chinese center
3248,Delhi Darbar
3249,Claypot - Kebab and Biryani
3250,Hotel Sahara
3251,The Chinese Pot
3252,Bird Valley
3253,Kwality Walls Frozen Dessert & Ice Cream Shop
3254,Patel's Chhappanbhog
3255,Rohit Wadewale
3256,Ande ka Funda
3257,Ala carte
3258,Paratha Envy
3259,Bhayankar Burgers
3260,BYANJAN - AUTHENTIC BENGALI & ASSAMESE CUISINE
3261,Reddy's Biryani Zone
3262,Wok Dynasty
3263,G Ps CHAAPWALE
3264,CAFE DURGA
3265,Mithas
3266,AP'S BIRYANI & CHINESE
3267,Moody Foody
3268,Rajeshahi biryani's
3269,Green Ways
3270,Puneri Veg Nonveg
3271,LIVE VEG NON VEG RESTAURANT
3272,Spring Onion
3273,BERRY BELLA THE CAKE SHOP
3274,Hruturaj Pure Veg
3275,foodies Mob
3276,Shree south Indian
3277,Aha! Baangali
3278,THE MANGO TREE CAFE
3279,BLOCKBUSTER CAFE
3280,WOW! Burger
3281,Apple 5
3282,Radha Pure Veg
3283,Aaswad Restaurant
3284,The Sambhar Story
3285,World Of Sweets
3286,Itminaan Biryani - Dum Pukht
3287,The Royal kitchen
3288,SWADISHTAM RESTAURANT
3289,Cakes N Cakes
3290,KP Biryaniwala
3291,Sweet Truth - Cake and Desserts
3292,BASARI PURE VEG
3293,Rajmandir Ice cream'
3294,Beall Ice cream and Pops
3295,Bowl Up
3296,Raj Chinese House
3297,McDonald's
3298,Hyderabadi Biryani Express
3299,Greek
3300,The Good Bowl
3301,Barbeque Ville
3302,The Cake & Cream Factory - Wakad
3303,Wah Bihari
3304,Hotel Manas
3305,Oven Story Pizza
3306,Lucknow Meri Jaan
3307,Lad Restaurant
3308,Sukhi Da Dhaba - Wakad
3309,Itminaan Biryani - Dum Pukht
3310,WOK HONG
3311,SNACKS HOTSPOT
3312,BKC Desi Hut
3313,Chicken Xperience By Venky's (Warje)
3314,Raahis Kitchen
3315,NH1 Bowls - Highway To North
3316,Ketan Family Garden Restaurant
3317,ZAZA 22 Spice Biryani
3318,Cafe Durga
3319,Khandeshi Jalgaon - MH 19
3320,Shree bhel
3321,GUGGI'S KITCHEN
3322,Swarnaa Vegetarian
3323,BABA G'S MOMOS
3324,HOTEL GAVJEVAN
3325,Pranav Chinese
3326,Hotel Rajmudra
3327,Crazy cheesy Warje
3328,Chowmeen Katta 
3329,HOTEL MAULI
3330,The Punjab Story
3331,gurukrupa fast food
3332,Hotel Shiv Bhumi
3333,SATTAR BUKSH BIRYANI AND MORE
3334,UNCLE CHIN'S
3335,MEALS@50
3336,Rolls Mania
3337,MANKAR DOSA CENTER
3338,Phanase Vadapav And Amruttulya
3339,AK Burger House
3340,Spiceso
3341,WARJE VADAPAV CENTER
3342, Hotel Rangda
3343,Rudra Veg
3344,LIVE FRESH CAKES DESSERTS & BAKES
3345,Gayatri Kitchen
3346,Chinese Corner
3347,Rajyog Pavbhaji & Juice Centre
3348,McDonald's Gourmet Burger Collection
3349,Pleasures Trove Family Restaurant
3350,Shivarsh Wadewale
3351,Chowmein Chinese Tandoori
3352,THE MOMOS AND CHINESE WALA
3353,VEDANTI RESTAURANT
3354,ZATKA MISAL
3355,Raj Family Restaurant
3356,The Land Of Chenab
3357,DOSA GRILL
3358,Khandeshi Chamchamit
3359,THE BIRDS SOUND POINT
3360,Domino's Pizza
3361,Anjani Veg Non Veg
3362,Teja Hospitality Services
3363,midnight pulse
3364,KGN Xprs
3365,Vedanti Family Garden Restaurant
3366,Sai sarita lunch Home
3367,Ganesh Bhel
3368,Hotel Jalsa
3369,SANDEEP TANDOOR AND BIRYANI POINT
3370,Zhingat Biryani
3371,New poona Bakery cafe.
3372,Rohit Wadevale - Powered by Avni Foods
3373,Ayesha Barkat Biryani House
3374,Mystic Flavours.
3375,MD Chinese centre
3376,Cafe Up To U
3377,Dumpling Monk
3378,Hotel Tara
3379,Hotel Dakshinatya
3380,SAGAR PURE VEG
3381,Tanu's Kitchen
3382,Woods Only Chinese
3383,Cafe One
3384,DOSTI ANDA BHURGI
3385,Supreme momos
3386,Khandani Kitchen
3387,ASHAYS FUSION MOMO
3388,Amritsari Zaika
3389,Swanandi Foods
3390,bombay chow
3391,FOODY JUNCTION 
3392,Hotel Bhauchi Missal
3393,Chitale Bandhu Mithaiwale
3394,Pizza Hut
3395,S. K BAKERS AND FOODS
3396,HOTEL RND
3397,Tossd salads
3398,"Kwality Wall's, Amul, Dairy & Ice cream"
3399,PAVOO BHAJI ON WHEELS
3400,McDonald's
3401,Corner Sweets
3402,BOX8 - Desi Meals
3403,LeanCrust Pizza - ThinCrust Experts
3404,Mealful Rolls - Meals in a Roll
